id,project_id,external_id,title,assignee_id,assignee_name,status,priority,planned_due_date,actual_end_date,estimated_hours,spent_hours,is_blocked,blocker_reason
T001,P001,SMB-SCR-001,Получить согласование Security для скорингового API,R002,Мария Кузнецова,Blocked,critical,2026-06-10,,34,19,True,Ожидается заключение Security по доступу к персональным данным
T002,P001,SMB-SCR-002,Согласовать витрину признаков из АБС,R006,Павел Никитин,Blocked,critical,2026-05-27,,32,33,True,Нет подтверждения SLA от DWH
T003,P001,SMB-SCR-003,Согласовать маппинг полей CRM и кредитного конвейера,R002,Мария Кузнецова,Blocked,high,2026-06-04,,76,61,True,Не выделен backend reviewer
T004,P001,SMB-SCR-004,Подготовить валидацию модели PD,R012,Георгий Орлов,Blocked,high,2026-06-14,,38,45,True,Не согласована схема маскирования данных
T005,P001,SMB-SCR-005,Протестировать endpoint расчета scorecard,R002,Мария Кузнецова,Blocked,high,2026-06-16,,30,31,True,Зависимость от кредитного конвейера перенесена на следующий спринт
T006,P001,SMB-SCR-006,Настроить логирование решений модели,R011,Виктория Павлова,In Progress,medium,2026-05-26,,73,64,False,
T007,P001,SMB-SCR-007,Разработать контроль версий признаков,R004,Илья Смирнов,Review,high,2026-05-30,,63,71,False,
T008,P001,SMB-SCR-008,Проверить интеграцию с DWH,R008,Сергей Лебедев,Review,high,2026-06-09,,49,33,False,
T009,P001,SMB-SCR-009,Согласовать регламент отката модели,R002,Мария Кузнецова,In Progress,high,2026-06-05,,45,42,False,
T010,P001,SMB-SCR-010,Проверить A/B контур для пилота МСБ,R001,Алексей Соколов,Review,high,2026-05-31,,86,82,False,
T011,P001,SMB-SCR-011,Подготовить согласование Security для скорингового API,R011,Виктория Павлова,Review,medium,2026-05-28,,79,76,False,
T012,P001,SMB-SCR-012,Подготовить витрину признаков из АБС,R002,Мария Кузнецова,In Progress,high,2026-05-27,,70,69,False,
T013,P001,SMB-SCR-013,Документировать маппинг полей CRM и кредитного конвейера,R004,Илья Смирнов,Done,high,2026-05-18,2026-05-22,53,41,False,
T014,P001,SMB-SCR-014,Интегрировать валидацию модели PD,R003,Дмитрий Волков,Done,medium,2026-06-04,2026-06-07,54,54,False,
T015,P001,SMB-SCR-015,Проверить endpoint расчета scorecard,R012,Георгий Орлов,Done,medium,2026-05-22,2026-05-28,28,22,False,
T016,P001,SMB-SCR-016,Проверить логирование решений модели,R006,Павел Никитин,Done,medium,2026-05-26,2026-05-29,19,26,False,
T017,P001,SMB-SCR-017,Согласовать контроль версий признаков,R008,Сергей Лебедев,Done,medium,2026-05-29,2026-05-28,80,70,False,
T018,P001,SMB-SCR-018,Согласовать интеграцию с DWH,R004,Илья Смирнов,Done,low,2026-06-12,2026-06-16,21,21,False,
T019,P001,SMB-SCR-019,Подготовить регламент отката модели,R004,Илья Смирнов,Done,low,2026-05-28,2026-06-01,34,35,False,
T020,P001,SMB-SCR-020,Протестировать A/B контур для пилота МСБ,R011,Виктория Павлова,Done,medium,2026-06-12,2026-06-11,62,67,False,
T021,P001,SMB-SCR-021,Разработать согласование Security для скорингового API,R003,Дмитрий Волков,Done,low,2026-06-08,2026-06-07,47,36,False,
T022,P001,SMB-SCR-022,Интегрировать витрину признаков из АБС,R011,Виктория Павлова,Done,medium,2026-05-28,2026-06-03,70,55,False,
T023,P001,SMB-SCR-023,Разработать маппинг полей CRM и кредитного конвейера,R011,Виктория Павлова,Done,medium,2026-05-29,2026-06-01,35,30,False,
T024,P001,SMB-SCR-024,Проверить валидацию модели PD,R009,Анна Попова,Done,medium,2026-05-12,2026-05-14,39,44,False,
T025,P001,SMB-SCR-025,Настроить endpoint расчета scorecard,R011,Виктория Павлова,Done,high,2026-05-24,2026-05-24,57,60,False,
T026,P001,SMB-SCR-026,Подготовить логирование решений модели,R012,Георгий Орлов,Done,medium,2026-06-01,2026-06-06,22,19,False,
T027,P001,SMB-SCR-027,Интегрировать контроль версий признаков,R004,Илья Смирнов,Done,medium,2026-05-15,2026-05-16,32,17,False,
T028,P001,SMB-SCR-028,Протестировать интеграцию с DWH,R002,Мария Кузнецова,Done,low,2026-05-20,2026-05-20,81,72,False,
T029,P001,SMB-SCR-029,Интегрировать регламент отката модели,R006,Павел Никитин,In Progress,high,2026-06-29,,39,24,False,
T030,P001,SMB-SCR-030,Настроить A/B контур для пилота МСБ,R006,Павел Никитин,In Progress,high,2026-07-14,,17,11,False,
T031,P002,FRAUD-001,Настроить streaming pipeline транзакций,R005,Ольга Иванова,Blocked,critical,2026-05-29,,32,33,True,Процессинг не подтвердил окно подключения
T032,P002,FRAUD-002,Согласовать правила блокировки high-risk операций,R011,Виктория Павлова,Blocked,critical,2026-06-03,,29,19,True,Security запросила дополнительную модель угроз
T033,P002,FRAUD-003,Согласовать интеграцию с процессингом карт,R008,Сергей Лебедев,Blocked,high,2026-06-09,,12,18,True,Недоступен стенд потоковой обработки
T034,P002,FRAUD-004,Интегрировать витрину расследований fraud cases,R008,Сергей Лебедев,Blocked,high,2026-06-13,,15,22,True,Не согласованы правила false positive review
T035,P002,FRAUD-005,Интегрировать feature store для real-time признаков,R005,Ольга Иванова,In Progress,medium,2026-06-09,,49,51,False,
T036,P002,FRAUD-006,Интегрировать нагрузочный профиль 120 мс,R024,Владислав Крылов,In Progress,high,2026-06-02,,27,32,False,
T037,P002,FRAUD-007,Документировать алерты по всплескам отказов,R023,Лариса Сергеева,Review,high,2026-06-04,,64,49,False,
T038,P002,FRAUD-008,Настроить модель поведенческого скоринга,R005,Ольга Иванова,In Progress,medium,2026-06-05,,36,41,False,
T039,P002,FRAUD-009,Проверить контур ручного разбора кейсов,R008,Сергей Лебедев,In Progress,high,2026-05-31,,33,28,False,
T040,P002,FRAUD-010,Проверить отчетность для compliance,R010,Роман Егоров,Review,high,2026-06-10,,57,48,False,
T041,P002,FRAUD-011,Интегрировать streaming pipeline транзакций,R003,Дмитрий Волков,In Progress,high,2026-06-15,,35,30,False,
T042,P002,FRAUD-012,Подготовить правила блокировки high-risk операций,R024,Владислав Крылов,In Progress,high,2026-06-05,,34,30,False,
T043,P002,FRAUD-013,Разработать интеграцию с процессингом карт,R023,Лариса Сергеева,Done,high,2026-05-28,2026-06-02,53,39,False,
T044,P002,FRAUD-014,Интегрировать витрину расследований fraud cases,R007,Наталья Федорова,Done,medium,2026-05-24,2026-05-26,66,73,False,
T045,P002,FRAUD-015,Разработать feature store для real-time признаков,R011,Виктория Павлова,Done,low,2026-05-15,2026-05-13,52,44,False,
T046,P002,FRAUD-016,Настроить нагрузочный профиль 120 мс,R003,Дмитрий Волков,Done,medium,2026-05-17,2026-05-17,44,50,False,
T047,P002,FRAUD-017,Подготовить алерты по всплескам отказов,R023,Лариса Сергеева,Done,medium,2026-05-19,2026-05-20,45,51,False,
T048,P002,FRAUD-018,Протестировать модель поведенческого скоринга,R011,Виктория Павлова,Done,high,2026-05-28,2026-05-29,27,27,False,
T049,P002,FRAUD-019,Согласовать контур ручного разбора кейсов,R007,Наталья Федорова,Done,high,2026-05-31,2026-06-05,87,71,False,
T050,P002,FRAUD-020,Интегрировать отчетность для compliance,R003,Дмитрий Волков,Done,medium,2026-06-10,2026-06-09,44,46,False,
T051,P002,FRAUD-021,Интегрировать streaming pipeline транзакций,R007,Наталья Федорова,Done,medium,2026-06-03,2026-06-02,36,35,False,
T052,P002,FRAUD-022,Разработать правила блокировки high-risk операций,R024,Владислав Крылов,Done,medium,2026-05-31,2026-06-06,63,54,False,
T053,P002,FRAUD-023,Разработать интеграцию с процессингом карт,R005,Ольга Иванова,Done,medium,2026-05-20,2026-05-22,63,68,False,
T054,P002,FRAUD-024,Проверить витрину расследований fraud cases,R010,Роман Егоров,Done,high,2026-05-30,2026-05-31,38,25,False,
T055,P002,FRAUD-025,Согласовать feature store для real-time признаков,R024,Владислав Крылов,In Progress,medium,2026-06-24,,25,20,False,
T056,P002,FRAUD-026,Согласовать нагрузочный профиль 120 мс,R003,Дмитрий Волков,To Do,medium,2026-07-03,,20,20,False,
T057,P002,FRAUD-027,Подготовить алерты по всплескам отказов,R024,Владислав Крылов,In Progress,medium,2026-07-10,,8,3,False,
T058,P002,FRAUD-028,Протестировать модель поведенческого скоринга,R003,Дмитрий Волков,In Progress,high,2026-07-11,,9,4,False,
T059,P003,MB20-001,Настроить новый onboarding клиента,R009,Анна Попова,Blocked,critical,2026-06-16,,40,37,True,Ожидается финальный UX approve по onboarding
T060,P003,MB20-002,Подготовить экран платежей по шаблонам,R014,Кирилл Морозов,In Progress,high,2026-05-27,,57,62,False,
T061,P003,MB20-003,Подготовить push-подсказки в профиле,R019,Софья Андреева,Review,medium,2026-05-29,,28,29,False,
T062,P003,MB20-004,Интегрировать рефакторинг авторизации,R019,Софья Андреева,Done,medium,2026-05-23,2026-05-27,38,23,False,
T063,P003,MB20-005,Протестировать аналитику клиентских событий,R019,Софья Андреева,Done,high,2026-06-07,2026-06-08,36,22,False,
T064,P003,MB20-006,Разработать A/B тест главного экрана,R015,Дарья Захарова,Done,medium,2026-05-14,2026-05-19,30,24,False,
T065,P003,MB20-007,Проверить дизайн-систему мобильных компонентов,R014,Кирилл Морозов,Done,medium,2026-05-26,2026-05-27,52,54,False,
T066,P003,MB20-008,Согласовать регрессионный пакет автотестов,R014,Кирилл Морозов,Done,high,2026-05-29,2026-05-28,46,34,False,
T067,P003,MB20-009,Проверить интеграцию с biometric login,R018,Артур Комаров,Done,medium,2026-06-02,2026-05-31,68,68,False,
T068,P003,MB20-010,Подготовить релизные заметки для стора,R017,Татьяна Белова,Done,medium,2026-05-28,2026-05-26,55,50,False,
T069,P003,MB20-011,Подготовить новый onboarding клиента,R018,Артур Комаров,Done,medium,2026-06-01,2026-06-05,46,36,False,
T070,P003,MB20-012,Протестировать экран платежей по шаблонам,R014,Кирилл Морозов,Done,medium,2026-05-14,2026-05-18,54,45,False,
T071,P003,MB20-013,Протестировать push-подсказки в профиле,R014,Кирилл Морозов,Done,high,2026-06-08,2026-06-07,53,51,False,
T072,P003,MB20-014,Разработать рефакторинг авторизации,R018,Артур Комаров,Done,high,2026-05-31,2026-06-06,59,54,False,
T073,P003,MB20-015,Проверить аналитику клиентских событий,R015,Дарья Захарова,Done,medium,2026-05-30,2026-06-05,29,24,False,
T074,P003,MB20-016,Проверить A/B тест главного экрана,R018,Артур Комаров,Done,low,2026-05-23,2026-05-25,39,47,False,
T075,P003,MB20-017,Подготовить дизайн-систему мобильных компонентов,R014,Кирилл Морозов,Done,high,2026-05-25,2026-05-29,47,41,False,
T076,P003,MB20-018,Согласовать регрессионный пакет автотестов,R018,Артур Комаров,Done,low,2026-05-25,2026-05-31,77,62,False,
T077,P003,MB20-019,Подготовить интеграцию с biometric login,R018,Артур Комаров,Done,high,2026-05-17,2026-05-19,33,17,False,
T078,P003,MB20-020,Подготовить релизные заметки для стора,R018,Артур Комаров,Done,medium,2026-05-31,2026-06-01,13,21,False,
T079,P003,MB20-021,Интегрировать новый onboarding клиента,R013,Екатерина Васильева,Done,low,2026-06-11,2026-06-10,50,38,False,
T080,P003,MB20-022,Интегрировать экран платежей по шаблонам,R018,Артур Комаров,In Progress,low,2026-07-08,,8,7,False,
T081,P003,MB20-023,Проверить push-подсказки в профиле,R019,Софья Андреева,To Do,low,2026-07-17,,8,7,False,
T082,P003,MB20-024,Проверить рефакторинг авторизации,R009,Анна Попова,To Do,low,2026-06-26,,10,4,False,
T083,P004,PAYGW-001,Подготовить единый payment API,R017,Татьяна Белова,Blocked,critical,2026-06-05,,72,57,True,Вендор СБП задерживает тестовые сертификаты
T084,P004,PAYGW-002,Протестировать коннектор СБП,R022,Евгений Фомин,Blocked,critical,2026-06-12,,43,46,True,PCI DSS checklist возвращен на доработку
T085,P004,PAYGW-003,Интегрировать карточный acquiring adapter,R017,Татьяна Белова,Review,medium,2026-06-10,,53,37,False,
T086,P004,PAYGW-004,Протестировать маршрутизацию платежей,R010,Роман Егоров,Review,high,2026-06-03,,66,65,False,
T087,P004,PAYGW-005,Интегрировать идемпотентность операций,R011,Виктория Павлова,Review,medium,2026-06-07,,21,25,False,
T088,P004,PAYGW-006,Интегрировать мониторинг SLA,R010,Роман Егоров,Review,high,2026-05-26,,63,65,False,
T089,P004,PAYGW-007,Документировать PCI DSS checklist,R016,Михаил Зайцев,Review,medium,2026-06-07,,54,49,False,
T090,P004,PAYGW-008,Согласовать нагрузочные тесты gateway,R010,Роман Егоров,Done,medium,2026-06-07,2026-06-11,82,66,False,
T091,P004,PAYGW-009,Подготовить резервный контур обработки,R017,Татьяна Белова,Done,high,2026-05-12,2026-05-15,64,60,False,
T092,P004,PAYGW-010,Протестировать сверку платежных статусов,R022,Евгений Фомин,Done,medium,2026-05-26,2026-05-31,34,29,False,
T093,P004,PAYGW-011,Интегрировать единый payment API,R001,Алексей Соколов,Done,low,2026-06-05,2026-06-08,55,58,False,
T094,P004,PAYGW-012,Документировать коннектор СБП,R005,Ольга Иванова,Done,medium,2026-05-13,2026-05-17,29,17,False,
T095,P004,PAYGW-013,Документировать карточный acquiring adapter,R005,Ольга Иванова,Done,medium,2026-06-10,2026-06-10,32,28,False,
T096,P004,PAYGW-014,Разработать маршрутизацию платежей,R010,Роман Егоров,Done,high,2026-06-10,2026-06-13,64,60,False,
T097,P004,PAYGW-015,Документировать идемпотентность операций,R016,Михаил Зайцев,Done,low,2026-05-28,2026-05-27,28,13,False,
T098,P004,PAYGW-016,Настроить мониторинг SLA,R012,Георгий Орлов,Done,medium,2026-05-26,2026-05-25,52,60,False,
T099,P004,PAYGW-017,Настроить PCI DSS checklist,R010,Роман Егоров,Done,medium,2026-05-13,2026-05-13,27,20,False,
T100,P004,PAYGW-018,Согласовать нагрузочные тесты gateway,R024,Владислав Крылов,Done,high,2026-05-25,2026-05-30,64,61,False,
T101,P004,PAYGW-019,Согласовать резервный контур обработки,R024,Владислав Крылов,Done,high,2026-05-19,2026-05-19,28,18,False,
T102,P004,PAYGW-020,Протестировать сверку платежных статусов,R011,Виктория Павлова,Done,medium,2026-06-05,2026-06-09,26,16,False,
T103,P004,PAYGW-021,Разработать единый payment API,R004,Илья Смирнов,Done,medium,2026-05-31,2026-05-30,43,34,False,
T104,P004,PAYGW-022,Настроить коннектор СБП,R012,Георгий Орлов,Done,high,2026-05-16,2026-05-22,17,12,False,
T105,P004,PAYGW-023,Разработать карточный acquiring adapter,R004,Илья Смирнов,In Progress,high,2026-07-04,,28,14,False,
T106,P004,PAYGW-024,Согласовать маршрутизацию платежей,R016,Михаил Зайцев,To Do,high,2026-07-16,,20,20,False,
T107,P004,PAYGW-025,Проверить идемпотентность операций,R017,Татьяна Белова,In Progress,high,2026-07-16,,10,8,False,
T108,P004,PAYGW-026,Протестировать мониторинг SLA,R004,Илья Смирнов,In Progress,medium,2026-07-07,,30,24,False,
T109,P005,CRM360-001,Согласовать golden record клиента,R016,Михаил Зайцев,Blocked,critical,2026-06-14,,26,19,True,Не получено подтверждение владельца данных по CRM-дублям
T110,P005,CRM360-002,Подготовить правила дедупликации контактов,R006,Павел Никитин,Review,high,2026-06-11,,71,71,False,
T111,P005,CRM360-003,Согласовать витрину клиентских событий,R016,Михаил Зайцев,Review,high,2026-05-31,,51,53,False,
T112,P005,CRM360-004,Документировать API профиля 360,R006,Павел Никитин,Done,medium,2026-06-07,2026-06-12,63,56,False,
T113,P005,CRM360-005,Интегрировать маппинг каналов продаж,R020,Никита Новиков,Done,high,2026-05-13,2026-05-12,30,26,False,
T114,P005,CRM360-006,Разработать историю взаимодействий,R016,Михаил Зайцев,Done,high,2026-06-04,2026-06-09,54,39,False,
T115,P005,CRM360-007,Документировать качество данных по ИНН,R016,Михаил Зайцев,Done,high,2026-06-10,2026-06-12,27,28,False,
T116,P005,CRM360-008,Настроить сегменты cross-sell,R023,Лариса Сергеева,Done,medium,2026-05-24,2026-05-27,68,59,False,
T117,P005,CRM360-009,Согласовать ролевую модель доступа CRM,R006,Павел Никитин,Done,high,2026-05-25,2026-05-30,68,58,False,
T118,P005,CRM360-010,Подготовить дашборд полноты профиля,R002,Мария Кузнецова,Done,medium,2026-05-24,2026-05-26,32,35,False,
T119,P005,CRM360-011,Протестировать golden record клиента,R002,Мария Кузнецова,Done,medium,2026-05-20,2026-05-22,67,74,False,
T120,P005,CRM360-012,Интегрировать правила дедупликации контактов,R023,Лариса Сергеева,Done,medium,2026-05-20,2026-05-25,59,67,False,
T121,P005,CRM360-013,Документировать витрину клиентских событий,R020,Никита Новиков,Done,high,2026-06-11,2026-06-16,16,23,False,
T122,P005,CRM360-014,Интегрировать API профиля 360,R020,Никита Новиков,Done,low,2026-05-19,2026-05-18,37,43,False,
T123,P005,CRM360-015,Проверить маппинг каналов продаж,R006,Павел Никитин,Done,medium,2026-05-21,2026-05-23,22,27,False,
T124,P005,CRM360-016,Проверить историю взаимодействий,R021,Полина Соколова,Done,low,2026-05-26,2026-06-01,46,40,False,
T125,P005,CRM360-017,Настроить качество данных по ИНН,R021,Полина Соколова,Done,medium,2026-06-08,2026-06-10,66,51,False,
T126,P005,CRM360-018,Согласовать сегменты cross-sell,R006,Павел Никитин,Done,medium,2026-05-25,2026-05-27,21,22,False,
T127,P005,CRM360-019,Интегрировать ролевую модель доступа CRM,R021,Полина Соколова,Done,medium,2026-05-16,2026-05-16,44,38,False,
T128,P005,CRM360-020,Документировать дашборд полноты профиля,R016,Михаил Зайцев,To Do,low,2026-06-30,,23,22,False,
T129,P005,CRM360-021,Интегрировать golden record клиента,R002,Мария Кузнецова,To Do,high,2026-07-01,,31,18,False,
T130,P005,CRM360-022,Разработать правила дедупликации контактов,R020,Никита Новиков,To Do,medium,2026-07-10,,16,20,False,
T131,P006,MAX20-0001,Настроить платежный orchestration layer для МСБ,R026,Валерия Басова,Blocked,critical,2026-06-17,,14,25,True,Ожидается Security approve для продуктивного доступа
T132,P006,MAX20-0002,Проверить единый профиль клиента для корпоративного блока,R027,Глеб Воронцов,Blocked,critical,2026-06-16,,16,26,True,Не подтверждено окно миграции legacy-данных
T133,P006,MAX20-0003,Согласовать витрину клиентских событий для рисков,R028,Диана Галкин,Blocked,critical,2026-06-15,,18,27,True,Нужен владелец бизнес-правила для спорного сценария
T134,P006,MAX20-0004,Подготовить онлайн-антифрод для платежей,R029,Егор Демина,Blocked,critical,2026-06-14,,20,28,True,Инфраструктурный лимит не позволяет поднять тестовый стенд
T135,P006,MAX20-0005,Протестировать кредитный decisioning для контакт-центра,R030,Инна Еремин,Blocked,critical,2026-06-13,,22,29,True,Не согласован целевой API contract со смежной системой
T136,P006,MAX20-0006,Интегрировать корпоративный API gateway для операционного офиса,R031,Лев Жукова,Blocked,critical,2026-06-12,,24,30,True,Ожидается Security approve для продуктивного доступа
T137,P006,MAX20-0007,Документировать модуль лимитов и тарифов для розницы,R032,Милана Зорин,Blocked,critical,2026-06-11,,26,31,True,Не подтверждено окно миграции legacy-данных
T138,P006,MAX20-0008,Разработать операционный мониторинг для МСБ,R033,Петр Исаев,Blocked,critical,2026-06-10,,28,32,True,Нужен владелец бизнес-правила для спорного сценария
T139,P006,MAX20-0009,Настроить сервис уведомлений для корпоративного блока,R034,Яна Климова,Blocked,critical,2026-06-09,,30,33,True,Инфраструктурный лимит не позволяет поднять тестовый стенд
T140,P006,MAX20-0010,Проверить data quality pipeline для рисков,R035,Артем Ларионов,Blocked,critical,2026-06-08,,32,34,True,Не согласован целевой API contract со смежной системой
T141,P006,MAX20-0011,Согласовать миграцию legacy-процессов для платежей,R036,Валерия Медведева,Blocked,critical,2026-06-07,,34,35,True,Ожидается Security approve для продуктивного доступа
T142,P006,MAX20-0012,Подготовить контур аудита действий для контакт-центра,R037,Глеб Назаров,Blocked,critical,2026-06-06,,36,36,True,Не подтверждено окно миграции legacy-данных
T143,P006,MAX20-0013,Протестировать ролевую модель доступа для операционного офиса,R038,Диана Орлова,Blocked,critical,2026-06-05,,38,37,True,Нужен владелец бизнес-правила для спорного сценария
T144,P006,MAX20-0014,Интегрировать AI-помощника оператора для розницы,R039,Егор Петров,Blocked,critical,2026-06-04,,40,38,True,Инфраструктурный лимит не позволяет поднять тестовый стенд
T145,P006,MAX20-0015,Документировать модуль согласований для МСБ,R040,Инна Рябова,Blocked,critical,2026-06-03,,42,39,True,Не согласован целевой API contract со смежной системой
T146,P006,MAX20-0016,Разработать каталог банковских продуктов для корпоративного блока,R041,Лев Сафонов,Blocked,critical,2026-06-02,,44,40,True,Ожидается Security approve для продуктивного доступа
T147,P006,MAX20-0017,Настроить шину интеграций для рисков,R042,Милана Тихонова,Blocked,critical,2026-06-01,,46,41,True,Не подтверждено окно миграции legacy-данных
T148,P006,MAX20-0018,Проверить observability платформы для платежей,R043,Петр Устинов,Blocked,critical,2026-05-31,,48,42,True,Нужен владелец бизнес-правила для спорного сценария
T149,P006,MAX20-0019,Согласовать контур disaster recovery для контакт-центра,R044,Яна Филатова,Blocked,critical,2026-05-30,,50,43,True,Инфраструктурный лимит не позволяет поднять тестовый стенд
T150,P006,MAX20-0020,Подготовить контур идентификации клиента для операционного офиса,R045,Артем Аверин,Blocked,critical,2026-05-29,,52,44,True,Не согласован целевой API contract со смежной системой
T151,P006,MAX20-0021,Протестировать платежный orchestration layer для розницы,R046,Валерия Басова,Blocked,critical,2026-05-28,,54,45,True,Ожидается Security approve для продуктивного доступа
T152,P006,MAX20-0022,Интегрировать единый профиль клиента для МСБ,R047,Глеб Воронцов,Blocked,critical,2026-05-27,,56,46,True,Не подтверждено окно миграции legacy-данных
T153,P006,MAX20-0023,Документировать витрину клиентских событий для корпоративного блока,R048,Диана Галкин,Blocked,critical,2026-05-26,,58,47,True,Нужен владелец бизнес-правила для спорного сценария
T154,P006,MAX20-0024,Разработать онлайн-антифрод для рисков,R049,Егор Демина,Blocked,critical,2026-05-25,,60,48,True,Инфраструктурный лимит не позволяет поднять тестовый стенд
T155,P006,MAX20-0025,Настроить кредитный decisioning для платежей,R050,Инна Еремин,Blocked,critical,2026-05-24,,62,49,True,Не согласован целевой API contract со смежной системой
T156,P006,MAX20-0026,Проверить корпоративный API gateway для контакт-центра,R051,Лев Жукова,Blocked,critical,2026-05-23,,64,50,True,Ожидается Security approve для продуктивного доступа
T157,P006,MAX20-0027,Согласовать модуль лимитов и тарифов для операционного офиса,R052,Милана Зорин,Blocked,critical,2026-05-22,,66,51,True,Не подтверждено окно миграции legacy-данных
T158,P006,MAX20-0028,Подготовить операционный мониторинг для розницы,R053,Петр Исаев,Blocked,critical,2026-05-21,,68,52,True,Нужен владелец бизнес-правила для спорного сценария
T159,P006,MAX20-0029,Протестировать сервис уведомлений для МСБ,R054,Яна Климова,Blocked,critical,2026-05-20,,70,53,True,Инфраструктурный лимит не позволяет поднять тестовый стенд
T160,P006,MAX20-0030,Интегрировать data quality pipeline для корпоративного блока,R055,Артем Ларионов,Blocked,critical,2026-05-19,,72,54,True,Не согласован целевой API contract со смежной системой
T161,P006,MAX20-0031,Документировать миграцию legacy-процессов для рисков,R056,Валерия Медведева,Blocked,critical,2026-05-18,,74,55,True,Ожидается Security approve для продуктивного доступа
T162,P006,MAX20-0032,Разработать контур аудита действий для платежей,R057,Глеб Назаров,Blocked,critical,2026-05-17,,76,56,True,Не подтверждено окно миграции legacy-данных
T163,P006,MAX20-0033,Настроить ролевую модель доступа для контакт-центра,R058,Диана Орлова,Blocked,critical,2026-05-16,,78,57,True,Нужен владелец бизнес-правила для спорного сценария
T164,P006,MAX20-0034,Проверить AI-помощника оператора для операционного офиса,R059,Егор Петров,Blocked,critical,2026-05-15,,80,58,True,Инфраструктурный лимит не позволяет поднять тестовый стенд
T165,P006,MAX20-0035,Согласовать модуль согласований для розницы,R060,Инна Рябова,Blocked,critical,2026-05-14,,82,59,True,Не согласован целевой API contract со смежной системой
T166,P006,MAX20-0036,Подготовить каталог банковских продуктов для МСБ,R061,Лев Сафонов,Blocked,critical,2026-05-13,,84,60,True,Ожидается Security approve для продуктивного доступа
T167,P006,MAX20-0037,Протестировать шину интеграций для корпоративного блока,R062,Милана Тихонова,Blocked,critical,2026-05-12,,86,61,True,Не подтверждено окно миграции legacy-данных
T168,P006,MAX20-0038,Интегрировать observability платформы для рисков,R063,Петр Устинов,Blocked,critical,2026-05-11,,88,62,True,Нужен владелец бизнес-правила для спорного сценария
T169,P006,MAX20-0039,Документировать контур disaster recovery для платежей,R064,Яна Филатова,Blocked,critical,2026-05-10,,90,63,True,Инфраструктурный лимит не позволяет поднять тестовый стенд
T170,P006,MAX20-0040,Разработать контур идентификации клиента для контакт-центра,R065,Артем Аверин,Blocked,critical,2026-05-09,,92,64,True,Не согласован целевой API contract со смежной системой
T171,P006,MAX20-0041,Настроить платежный orchestration layer для операционного офиса,R066,Валерия Басова,Blocked,critical,2026-05-08,,53,65,True,Ожидается Security approve для продуктивного доступа
T172,P006,MAX20-0042,Проверить единый профиль клиента для розницы,R067,Глеб Воронцов,Blocked,critical,2026-05-07,,55,66,True,Не подтверждено окно миграции legacy-данных
T173,P006,MAX20-0043,Согласовать витрину клиентских событий для МСБ,R068,Диана Галкин,Blocked,critical,2026-05-06,,57,67,True,Нужен владелец бизнес-правила для спорного сценария
T174,P006,MAX20-0044,Подготовить онлайн-антифрод для корпоративного блока,R069,Егор Демина,Blocked,critical,2026-05-05,,59,68,True,Инфраструктурный лимит не позволяет поднять тестовый стенд
T175,P006,MAX20-0045,Протестировать кредитный decisioning для рисков,R070,Инна Еремин,Blocked,critical,2026-06-18,,61,69,True,Не согласован целевой API contract со смежной системой
T176,P006,MAX20-0046,Интегрировать корпоративный API gateway для платежей,R071,Лев Жукова,Blocked,critical,2026-06-17,,63,70,True,Ожидается Security approve для продуктивного доступа
T177,P006,MAX20-0047,Документировать модуль лимитов и тарифов для контакт-центра,R072,Милана Зорин,Blocked,critical,2026-06-16,,65,71,True,Не подтверждено окно миграции legacy-данных
T178,P006,MAX20-0048,Разработать операционный мониторинг для операционного офиса,R073,Петр Исаев,Blocked,critical,2026-06-15,,67,72,True,Нужен владелец бизнес-правила для спорного сценария
T179,P006,MAX20-0049,Настроить сервис уведомлений для розницы,R074,Яна Климова,Blocked,critical,2026-06-14,,69,73,True,Инфраструктурный лимит не позволяет поднять тестовый стенд
T180,P006,MAX20-0050,Проверить data quality pipeline для МСБ,R075,Артем Ларионов,Blocked,critical,2026-06-13,,71,74,True,Не согласован целевой API contract со смежной системой
T181,P006,MAX20-0051,Согласовать миграцию legacy-процессов для корпоративного блока,R076,Валерия Медведева,Blocked,critical,2026-06-12,,73,75,True,Ожидается Security approve для продуктивного доступа
T182,P006,MAX20-0052,Подготовить контур аудита действий для рисков,R077,Глеб Назаров,Blocked,critical,2026-06-11,,75,76,True,Не подтверждено окно миграции legacy-данных
T183,P006,MAX20-0053,Протестировать ролевую модель доступа для платежей,R078,Диана Орлова,Blocked,critical,2026-06-10,,77,77,True,Нужен владелец бизнес-правила для спорного сценария
T184,P006,MAX20-0054,Интегрировать AI-помощника оператора для контакт-центра,R079,Егор Петров,Blocked,critical,2026-06-09,,79,78,True,Инфраструктурный лимит не позволяет поднять тестовый стенд
T185,P006,MAX20-0055,Документировать модуль согласований для операционного офиса,R080,Инна Рябова,Blocked,critical,2026-06-08,,81,79,True,Не согласован целевой API contract со смежной системой
T186,P006,MAX20-0056,Разработать каталог банковских продуктов для розницы,R081,Лев Сафонов,Blocked,critical,2026-06-07,,83,80,True,Ожидается Security approve для продуктивного доступа
T187,P006,MAX20-0057,Настроить шину интеграций для МСБ,R082,Милана Тихонова,Blocked,critical,2026-06-06,,85,81,True,Не подтверждено окно миграции legacy-данных
T188,P006,MAX20-0058,Проверить observability платформы для корпоративного блока,R083,Петр Устинов,Blocked,critical,2026-06-05,,87,82,True,Нужен владелец бизнес-правила для спорного сценария
T189,P006,MAX20-0059,Согласовать контур disaster recovery для рисков,R084,Яна Филатова,Blocked,critical,2026-06-04,,89,83,True,Инфраструктурный лимит не позволяет поднять тестовый стенд
T190,P006,MAX20-0060,Подготовить контур идентификации клиента для платежей,R085,Артем Аверин,Blocked,critical,2026-06-03,,91,84,True,Не согласован целевой API contract со смежной системой
T191,P006,MAX20-0061,Протестировать платежный orchestration layer для контакт-центра,R086,Валерия Басова,Blocked,critical,2026-06-02,,93,85,True,Ожидается Security approve для продуктивного доступа
T192,P006,MAX20-0062,Интегрировать единый профиль клиента для операционного офиса,R087,Глеб Воронцов,Blocked,critical,2026-06-01,,95,86,True,Не подтверждено окно миграции legacy-данных
T193,P006,MAX20-0063,Документировать витрину клиентских событий для розницы,R088,Диана Галкин,Blocked,critical,2026-05-31,,97,87,True,Нужен владелец бизнес-правила для спорного сценария
T194,P006,MAX20-0064,Разработать онлайн-антифрод для МСБ,R089,Егор Демина,Blocked,critical,2026-05-30,,99,88,True,Инфраструктурный лимит не позволяет поднять тестовый стенд
T195,P006,MAX20-0065,Настроить кредитный decisioning для корпоративного блока,R090,Инна Еремин,Blocked,critical,2026-05-29,,101,89,True,Не согласован целевой API contract со смежной системой
T196,P006,MAX20-0066,Проверить корпоративный API gateway для рисков,R091,Лев Жукова,Blocked,critical,2026-05-28,,103,90,True,Ожидается Security approve для продуктивного доступа
T197,P006,MAX20-0067,Согласовать модуль лимитов и тарифов для платежей,R092,Милана Зорин,Blocked,critical,2026-05-27,,105,91,True,Не подтверждено окно миграции legacy-данных
T198,P006,MAX20-0068,Подготовить операционный мониторинг для контакт-центра,R093,Петр Исаев,Blocked,critical,2026-05-26,,107,92,True,Нужен владелец бизнес-правила для спорного сценария
T199,P006,MAX20-0069,Протестировать сервис уведомлений для операционного офиса,R094,Яна Климова,Blocked,critical,2026-05-25,,109,93,True,Инфраструктурный лимит не позволяет поднять тестовый стенд
T200,P006,MAX20-0070,Интегрировать data quality pipeline для розницы,R095,Артем Ларионов,Blocked,critical,2026-05-24,,111,94,True,Не согласован целевой API contract со смежной системой
T201,P006,MAX20-0071,Документировать миграцию legacy-процессов для МСБ,R096,Валерия Медведева,Blocked,critical,2026-05-23,,113,95,True,Ожидается Security approve для продуктивного доступа
T202,P006,MAX20-0072,Разработать контур аудита действий для корпоративного блока,R097,Глеб Назаров,Blocked,critical,2026-05-22,,115,96,True,Не подтверждено окно миграции legacy-данных
T203,P006,MAX20-0073,Настроить ролевую модель доступа для рисков,R098,Диана Орлова,Blocked,critical,2026-05-21,,117,97,True,Нужен владелец бизнес-правила для спорного сценария
T204,P006,MAX20-0074,Проверить AI-помощника оператора для платежей,R099,Егор Петров,Blocked,critical,2026-05-20,,119,98,True,Инфраструктурный лимит не позволяет поднять тестовый стенд
T205,P006,MAX20-0075,Согласовать модуль согласований для контакт-центра,R100,Инна Рябова,Blocked,critical,2026-05-19,,121,99,True,Не согласован целевой API contract со смежной системой
T206,P006,MAX20-0076,Подготовить каталог банковских продуктов для операционного офиса,R101,Лев Сафонов,Blocked,critical,2026-05-18,,123,100,True,Ожидается Security approve для продуктивного доступа
T207,P006,MAX20-0077,Протестировать шину интеграций для розницы,R102,Милана Тихонова,Blocked,critical,2026-05-17,,125,101,True,Не подтверждено окно миграции legacy-данных
T208,P006,MAX20-0078,Интегрировать observability платформы для МСБ,R103,Петр Устинов,Blocked,critical,2026-05-16,,127,102,True,Нужен владелец бизнес-правила для спорного сценария
T209,P006,MAX20-0079,Документировать контур disaster recovery для корпоративного блока,R104,Яна Филатова,Blocked,critical,2026-05-15,,129,103,True,Инфраструктурный лимит не позволяет поднять тестовый стенд
T210,P006,MAX20-0080,Разработать контур идентификации клиента для рисков,R105,Артем Аверин,Blocked,critical,2026-05-14,,131,104,True,Не согласован целевой API contract со смежной системой
T211,P006,MAX20-0081,Настроить платежный orchestration layer для платежей,R106,Валерия Басова,Blocked,critical,2026-05-13,,133,105,True,Ожидается Security approve для продуктивного доступа
T212,P006,MAX20-0082,Проверить единый профиль клиента для контакт-центра,R107,Глеб Воронцов,Blocked,critical,2026-05-12,,94,106,True,Не подтверждено окно миграции legacy-данных
T213,P006,MAX20-0083,Согласовать витрину клиентских событий для операционного офиса,R108,Диана Галкин,Blocked,critical,2026-05-11,,96,107,True,Нужен владелец бизнес-правила для спорного сценария
T214,P006,MAX20-0084,Подготовить онлайн-антифрод для розницы,R109,Егор Демина,Blocked,critical,2026-05-10,,98,108,True,Инфраструктурный лимит не позволяет поднять тестовый стенд
T215,P006,MAX20-0085,Протестировать кредитный decisioning для МСБ,R110,Инна Еремин,Blocked,critical,2026-05-09,,100,109,True,Не согласован целевой API contract со смежной системой
T216,P006,MAX20-0086,Интегрировать корпоративный API gateway для корпоративного блока,R111,Лев Жукова,Blocked,critical,2026-05-08,,102,110,True,Ожидается Security approve для продуктивного доступа
T217,P006,MAX20-0087,Документировать модуль лимитов и тарифов для рисков,R112,Милана Зорин,Blocked,critical,2026-05-07,,104,111,True,Не подтверждено окно миграции legacy-данных
T218,P006,MAX20-0088,Разработать операционный мониторинг для платежей,R113,Петр Исаев,Blocked,critical,2026-05-06,,106,112,True,Нужен владелец бизнес-правила для спорного сценария
T219,P006,MAX20-0089,Настроить сервис уведомлений для контакт-центра,R114,Яна Климова,Blocked,critical,2026-05-05,,108,113,True,Инфраструктурный лимит не позволяет поднять тестовый стенд
T220,P006,MAX20-0090,Проверить data quality pipeline для операционного офиса,R025,Артем Аверин,Blocked,critical,2026-06-18,,110,114,True,Не согласован целевой API contract со смежной системой
T221,P006,MAX20-0091,Согласовать миграцию legacy-процессов для розницы,R026,Валерия Басова,Blocked,high,2026-06-17,,112,115,True,Ожидается Security approve для продуктивного доступа
T222,P006,MAX20-0092,Подготовить контур аудита действий для МСБ,R027,Глеб Воронцов,Blocked,high,2026-06-16,,114,116,True,Не подтверждено окно миграции legacy-данных
T223,P006,MAX20-0093,Протестировать ролевую модель доступа для корпоративного блока,R028,Диана Галкин,Blocked,high,2026-06-15,,116,117,True,Нужен владелец бизнес-правила для спорного сценария
T224,P006,MAX20-0094,Интегрировать AI-помощника оператора для рисков,R029,Егор Демина,Blocked,high,2026-06-14,,118,118,True,Инфраструктурный лимит не позволяет поднять тестовый стенд
T225,P006,MAX20-0095,Документировать модуль согласований для платежей,R030,Инна Еремин,Blocked,high,2026-06-13,,120,119,True,Не согласован целевой API contract со смежной системой
T226,P006,MAX20-0096,Разработать каталог банковских продуктов для контакт-центра,R031,Лев Жукова,Blocked,high,2026-06-12,,122,120,True,Ожидается Security approve для продуктивного доступа
T227,P006,MAX20-0097,Настроить шину интеграций для операционного офиса,R032,Милана Зорин,Blocked,high,2026-06-11,,124,121,True,Не подтверждено окно миграции legacy-данных
T228,P006,MAX20-0098,Проверить observability платформы для розницы,R033,Петр Исаев,Blocked,high,2026-06-10,,126,122,True,Нужен владелец бизнес-правила для спорного сценария
T229,P006,MAX20-0099,Согласовать контур disaster recovery для МСБ,R034,Яна Климова,Blocked,high,2026-06-09,,128,123,True,Инфраструктурный лимит не позволяет поднять тестовый стенд
T230,P006,MAX20-0100,Подготовить контур идентификации клиента для корпоративного блока,R035,Артем Ларионов,Blocked,high,2026-06-08,,130,124,True,Не согласован целевой API contract со смежной системой
T231,P006,MAX20-0101,Протестировать платежный orchestration layer для рисков,R036,Валерия Медведева,Blocked,high,2026-06-07,,132,125,True,Ожидается Security approve для продуктивного доступа
T232,P006,MAX20-0102,Интегрировать единый профиль клиента для платежей,R037,Глеб Назаров,Blocked,high,2026-06-06,,134,126,True,Не подтверждено окно миграции legacy-данных
T233,P006,MAX20-0103,Документировать витрину клиентских событий для контакт-центра,R038,Диана Орлова,Blocked,high,2026-06-05,,136,127,True,Нужен владелец бизнес-правила для спорного сценария
T234,P006,MAX20-0104,Разработать онлайн-антифрод для операционного офиса,R039,Егор Петров,Blocked,high,2026-06-04,,138,128,True,Инфраструктурный лимит не позволяет поднять тестовый стенд
T235,P006,MAX20-0105,Настроить кредитный decisioning для розницы,R040,Инна Рябова,Blocked,high,2026-06-03,,140,129,True,Не согласован целевой API contract со смежной системой
T236,P006,MAX20-0106,Проверить корпоративный API gateway для МСБ,R041,Лев Сафонов,Blocked,high,2026-06-02,,142,130,True,Ожидается Security approve для продуктивного доступа
T237,P006,MAX20-0107,Согласовать модуль лимитов и тарифов для корпоративного блока,R042,Милана Тихонова,Blocked,high,2026-06-01,,144,131,True,Не подтверждено окно миграции legacy-данных
T238,P006,MAX20-0108,Подготовить операционный мониторинг для рисков,R043,Петр Устинов,Blocked,high,2026-05-31,,146,132,True,Нужен владелец бизнес-правила для спорного сценария
T239,P006,MAX20-0109,Протестировать сервис уведомлений для платежей,R044,Яна Филатова,Blocked,high,2026-05-30,,148,133,True,Инфраструктурный лимит не позволяет поднять тестовый стенд
T240,P006,MAX20-0110,Интегрировать data quality pipeline для контакт-центра,R045,Артем Аверин,Blocked,high,2026-05-29,,150,134,True,Не согласован целевой API contract со смежной системой
T241,P006,MAX20-0111,Документировать миграцию legacy-процессов для операционного офиса,R046,Валерия Басова,Blocked,high,2026-05-28,,152,135,True,Ожидается Security approve для продуктивного доступа
T242,P006,MAX20-0112,Разработать контур аудита действий для розницы,R047,Глеб Воронцов,Blocked,high,2026-05-27,,154,136,True,Не подтверждено окно миграции legacy-данных
T243,P006,MAX20-0113,Настроить ролевую модель доступа для МСБ,R048,Диана Галкин,Blocked,high,2026-05-26,,156,137,True,Нужен владелец бизнес-правила для спорного сценария
T244,P006,MAX20-0114,Проверить AI-помощника оператора для корпоративного блока,R049,Егор Демина,Blocked,high,2026-05-25,,158,138,True,Инфраструктурный лимит не позволяет поднять тестовый стенд
T245,P006,MAX20-0115,Согласовать модуль согласований для рисков,R050,Инна Еремин,Blocked,high,2026-05-24,,160,139,True,Не согласован целевой API contract со смежной системой
T246,P006,MAX20-0116,Подготовить каталог банковских продуктов для платежей,R051,Лев Жукова,Blocked,high,2026-05-23,,162,140,True,Ожидается Security approve для продуктивного доступа
T247,P006,MAX20-0117,Протестировать шину интеграций для контакт-центра,R052,Милана Зорин,Blocked,high,2026-05-22,,164,141,True,Не подтверждено окно миграции legacy-данных
T248,P006,MAX20-0118,Интегрировать observability платформы для операционного офиса,R053,Петр Исаев,Blocked,high,2026-05-21,,166,142,True,Нужен владелец бизнес-правила для спорного сценария
T249,P006,MAX20-0119,Документировать контур disaster recovery для розницы,R054,Яна Климова,Blocked,high,2026-05-20,,168,143,True,Инфраструктурный лимит не позволяет поднять тестовый стенд
T250,P006,MAX20-0120,Разработать контур идентификации клиента для МСБ,R055,Артем Ларионов,Blocked,high,2026-05-19,,170,144,True,Не согласован целевой API contract со смежной системой
T251,P006,MAX20-0121,Настроить платежный orchestration layer для корпоративного блока,R056,Валерия Медведева,Blocked,high,2026-05-18,,172,145,True,Ожидается Security approve для продуктивного доступа
T252,P006,MAX20-0122,Проверить единый профиль клиента для рисков,R057,Глеб Назаров,Blocked,high,2026-05-17,,174,146,True,Не подтверждено окно миграции legacy-данных
T253,P006,MAX20-0123,Согласовать витрину клиентских событий для платежей,R058,Диана Орлова,Blocked,high,2026-05-16,,135,147,True,Нужен владелец бизнес-правила для спорного сценария
T254,P006,MAX20-0124,Подготовить онлайн-антифрод для контакт-центра,R059,Егор Петров,Blocked,high,2026-05-15,,137,148,True,Инфраструктурный лимит не позволяет поднять тестовый стенд
T255,P006,MAX20-0125,Протестировать кредитный decisioning для операционного офиса,R060,Инна Рябова,Blocked,high,2026-05-14,,139,149,True,Не согласован целевой API contract со смежной системой
T256,P006,MAX20-0126,Интегрировать корпоративный API gateway для розницы,R061,Лев Сафонов,Blocked,high,2026-05-13,,141,150,True,Ожидается Security approve для продуктивного доступа
T257,P006,MAX20-0127,Документировать модуль лимитов и тарифов для МСБ,R062,Милана Тихонова,Blocked,high,2026-05-12,,143,151,True,Не подтверждено окно миграции legacy-данных
T258,P006,MAX20-0128,Разработать операционный мониторинг для корпоративного блока,R063,Петр Устинов,Blocked,high,2026-05-11,,145,152,True,Нужен владелец бизнес-правила для спорного сценария
T259,P006,MAX20-0129,Настроить сервис уведомлений для рисков,R064,Яна Филатова,Blocked,high,2026-05-10,,147,153,True,Инфраструктурный лимит не позволяет поднять тестовый стенд
T260,P006,MAX20-0130,Проверить data quality pipeline для платежей,R065,Артем Аверин,Blocked,high,2026-05-09,,149,154,True,Не согласован целевой API contract со смежной системой
T261,P006,MAX20-0131,Согласовать миграцию legacy-процессов для контакт-центра,R066,Валерия Басова,Blocked,high,2026-05-08,,151,155,True,Ожидается Security approve для продуктивного доступа
T262,P006,MAX20-0132,Подготовить контур аудита действий для операционного офиса,R067,Глеб Воронцов,Blocked,high,2026-05-07,,153,156,True,Не подтверждено окно миграции legacy-данных
T263,P006,MAX20-0133,Протестировать ролевую модель доступа для розницы,R068,Диана Галкин,Blocked,high,2026-05-06,,155,157,True,Нужен владелец бизнес-правила для спорного сценария
T264,P006,MAX20-0134,Интегрировать AI-помощника оператора для МСБ,R069,Егор Демина,Blocked,high,2026-05-05,,157,158,True,Инфраструктурный лимит не позволяет поднять тестовый стенд
T265,P006,MAX20-0135,Документировать модуль согласований для корпоративного блока,R070,Инна Еремин,Blocked,high,2026-06-18,,159,159,True,Не согласован целевой API contract со смежной системой
T266,P006,MAX20-0136,Разработать каталог банковских продуктов для рисков,R071,Лев Жукова,Blocked,high,2026-06-17,,161,160,True,Ожидается Security approve для продуктивного доступа
T267,P006,MAX20-0137,Настроить шину интеграций для платежей,R072,Милана Зорин,Blocked,high,2026-06-16,,163,161,True,Не подтверждено окно миграции legacy-данных
T268,P006,MAX20-0138,Проверить observability платформы для контакт-центра,R073,Петр Исаев,Blocked,high,2026-06-15,,165,162,True,Нужен владелец бизнес-правила для спорного сценария
T269,P006,MAX20-0139,Согласовать контур disaster recovery для операционного офиса,R074,Яна Климова,Blocked,high,2026-06-14,,167,163,True,Инфраструктурный лимит не позволяет поднять тестовый стенд
T270,P006,MAX20-0140,Подготовить контур идентификации клиента для розницы,R075,Артем Ларионов,Blocked,high,2026-06-13,,169,164,True,Не согласован целевой API contract со смежной системой
T271,P006,MAX20-0141,Протестировать платежный orchestration layer для МСБ,R076,Валерия Медведева,Blocked,high,2026-06-12,,171,165,True,Ожидается Security approve для продуктивного доступа
T272,P006,MAX20-0142,Интегрировать единый профиль клиента для корпоративного блока,R077,Глеб Назаров,Blocked,high,2026-06-11,,173,166,True,Не подтверждено окно миграции legacy-данных
T273,P006,MAX20-0143,Документировать витрину клиентских событий для рисков,R078,Диана Орлова,Blocked,high,2026-06-10,,175,167,True,Нужен владелец бизнес-правила для спорного сценария
T274,P006,MAX20-0144,Разработать онлайн-антифрод для платежей,R079,Егор Петров,Blocked,high,2026-06-09,,177,168,True,Инфраструктурный лимит не позволяет поднять тестовый стенд
T275,P006,MAX20-0145,Настроить кредитный decisioning для контакт-центра,R080,Инна Рябова,Blocked,high,2026-06-08,,179,169,True,Не согласован целевой API contract со смежной системой
T276,P006,MAX20-0146,Проверить корпоративный API gateway для операционного офиса,R081,Лев Сафонов,Blocked,high,2026-06-07,,181,170,True,Ожидается Security approve для продуктивного доступа
T277,P006,MAX20-0147,Согласовать модуль лимитов и тарифов для розницы,R082,Милана Тихонова,Blocked,high,2026-06-06,,183,171,True,Не подтверждено окно миграции legacy-данных
T278,P006,MAX20-0148,Подготовить операционный мониторинг для МСБ,R083,Петр Устинов,Blocked,high,2026-06-05,,185,172,True,Нужен владелец бизнес-правила для спорного сценария
T279,P006,MAX20-0149,Протестировать сервис уведомлений для корпоративного блока,R084,Яна Филатова,Blocked,high,2026-06-04,,187,173,True,Инфраструктурный лимит не позволяет поднять тестовый стенд
T280,P006,MAX20-0150,Интегрировать data quality pipeline для рисков,R085,Артем Аверин,Blocked,high,2026-06-03,,39,24,True,Не согласован целевой API contract со смежной системой
T281,P006,MAX20-0151,Документировать миграцию legacy-процессов для платежей,R086,Валерия Басова,Blocked,high,2026-06-02,,41,25,True,Ожидается Security approve для продуктивного доступа
T282,P006,MAX20-0152,Разработать контур аудита действий для контакт-центра,R087,Глеб Воронцов,Blocked,high,2026-06-01,,43,26,True,Не подтверждено окно миграции legacy-данных
T283,P006,MAX20-0153,Настроить ролевую модель доступа для операционного офиса,R088,Диана Галкин,Blocked,high,2026-05-31,,45,27,True,Нужен владелец бизнес-правила для спорного сценария
T284,P006,MAX20-0154,Проверить AI-помощника оператора для розницы,R089,Егор Демина,Blocked,high,2026-05-30,,47,28,True,Инфраструктурный лимит не позволяет поднять тестовый стенд
T285,P006,MAX20-0155,Согласовать модуль согласований для МСБ,R090,Инна Еремин,Blocked,high,2026-05-29,,49,29,True,Не согласован целевой API contract со смежной системой
T286,P006,MAX20-0156,Подготовить каталог банковских продуктов для корпоративного блока,R091,Лев Жукова,Blocked,high,2026-05-28,,51,30,True,Ожидается Security approve для продуктивного доступа
T287,P006,MAX20-0157,Протестировать шину интеграций для рисков,R092,Милана Зорин,Blocked,high,2026-05-27,,53,31,True,Не подтверждено окно миграции legacy-данных
T288,P006,MAX20-0158,Интегрировать observability платформы для платежей,R093,Петр Исаев,Blocked,high,2026-05-26,,55,32,True,Нужен владелец бизнес-правила для спорного сценария
T289,P006,MAX20-0159,Документировать контур disaster recovery для контакт-центра,R094,Яна Климова,Blocked,high,2026-05-25,,57,33,True,Инфраструктурный лимит не позволяет поднять тестовый стенд
T290,P006,MAX20-0160,Разработать контур идентификации клиента для операционного офиса,R095,Артем Ларионов,Blocked,high,2026-05-24,,59,34,True,Не согласован целевой API contract со смежной системой
T291,P006,MAX20-0161,Настроить платежный orchestration layer для розницы,R096,Валерия Медведева,Blocked,high,2026-05-23,,61,35,True,Ожидается Security approve для продуктивного доступа
T292,P006,MAX20-0162,Проверить единый профиль клиента для МСБ,R097,Глеб Назаров,Blocked,high,2026-05-22,,63,36,True,Не подтверждено окно миграции legacy-данных
T293,P006,MAX20-0163,Согласовать витрину клиентских событий для корпоративного блока,R098,Диана Орлова,Blocked,high,2026-05-21,,65,37,True,Нужен владелец бизнес-правила для спорного сценария
T294,P006,MAX20-0164,Подготовить онлайн-антифрод для рисков,R099,Егор Петров,Blocked,high,2026-05-20,,26,38,True,Инфраструктурный лимит не позволяет поднять тестовый стенд
T295,P006,MAX20-0165,Протестировать кредитный decisioning для платежей,R100,Инна Рябова,Blocked,high,2026-05-19,,28,39,True,Не согласован целевой API contract со смежной системой
T296,P006,MAX20-0166,Интегрировать корпоративный API gateway для контакт-центра,R101,Лев Сафонов,Blocked,high,2026-05-18,,30,40,True,Ожидается Security approve для продуктивного доступа
T297,P006,MAX20-0167,Документировать модуль лимитов и тарифов для операционного офиса,R102,Милана Тихонова,Blocked,high,2026-05-17,,32,41,True,Не подтверждено окно миграции legacy-данных
T298,P006,MAX20-0168,Разработать операционный мониторинг для розницы,R103,Петр Устинов,Blocked,high,2026-05-16,,34,42,True,Нужен владелец бизнес-правила для спорного сценария
T299,P006,MAX20-0169,Настроить сервис уведомлений для МСБ,R104,Яна Филатова,Blocked,high,2026-05-15,,36,43,True,Инфраструктурный лимит не позволяет поднять тестовый стенд
T300,P006,MAX20-0170,Проверить data quality pipeline для корпоративного блока,R105,Артем Аверин,Blocked,high,2026-05-14,,38,44,True,Не согласован целевой API contract со смежной системой
T301,P006,MAX20-0171,Согласовать миграцию legacy-процессов для рисков,R106,Валерия Басова,Blocked,high,2026-05-13,,40,45,True,Ожидается Security approve для продуктивного доступа
T302,P006,MAX20-0172,Подготовить контур аудита действий для платежей,R107,Глеб Воронцов,Blocked,high,2026-05-12,,42,46,True,Не подтверждено окно миграции legacy-данных
T303,P006,MAX20-0173,Протестировать ролевую модель доступа для контакт-центра,R108,Диана Галкин,Blocked,high,2026-05-11,,44,47,True,Нужен владелец бизнес-правила для спорного сценария
T304,P006,MAX20-0174,Интегрировать AI-помощника оператора для операционного офиса,R109,Егор Демина,Blocked,high,2026-05-10,,46,48,True,Инфраструктурный лимит не позволяет поднять тестовый стенд
T305,P006,MAX20-0175,Документировать модуль согласований для розницы,R110,Инна Еремин,Blocked,high,2026-05-09,,48,49,True,Не согласован целевой API contract со смежной системой
T306,P006,MAX20-0176,Разработать каталог банковских продуктов для МСБ,R111,Лев Жукова,Blocked,high,2026-05-08,,50,50,True,Ожидается Security approve для продуктивного доступа
T307,P006,MAX20-0177,Настроить шину интеграций для корпоративного блока,R112,Милана Зорин,Blocked,high,2026-05-07,,52,51,True,Не подтверждено окно миграции legacy-данных
T308,P006,MAX20-0178,Проверить observability платформы для рисков,R113,Петр Исаев,Blocked,high,2026-05-06,,54,52,True,Нужен владелец бизнес-правила для спорного сценария
T309,P006,MAX20-0179,Согласовать контур disaster recovery для платежей,R114,Яна Климова,Blocked,high,2026-05-05,,56,53,True,Инфраструктурный лимит не позволяет поднять тестовый стенд
T310,P006,MAX20-0180,Подготовить контур идентификации клиента для контакт-центра,R025,Артем Аверин,Blocked,high,2026-06-18,,58,54,True,Не согласован целевой API contract со смежной системой
T311,P006,MAX20-0181,Протестировать платежный orchestration layer для операционного офиса,R026,Валерия Басова,Review,high,2026-05-08,,68,63,False,
T312,P006,MAX20-0182,Интегрировать единый профиль клиента для розницы,R027,Глеб Воронцов,In Progress,high,2026-05-07,,70,64,False,
T313,P006,MAX20-0183,Документировать витрину клиентских событий для МСБ,R028,Диана Галкин,Review,medium,2026-05-06,,72,65,False,
T314,P006,MAX20-0184,Разработать онлайн-антифрод для корпоративного блока,R029,Егор Демина,In Progress,critical,2026-05-05,,74,66,False,
T315,P006,MAX20-0185,Настроить кредитный decisioning для рисков,R030,Инна Еремин,Review,high,2026-05-04,,76,67,False,
T316,P006,MAX20-0186,Проверить корпоративный API gateway для платежей,R031,Лев Жукова,In Progress,high,2026-05-03,,78,68,False,
T317,P006,MAX20-0187,Согласовать модуль лимитов и тарифов для контакт-центра,R032,Милана Зорин,Review,medium,2026-05-02,,80,69,False,
T318,P006,MAX20-0188,Подготовить операционный мониторинг для операционного офиса,R033,Петр Исаев,In Progress,critical,2026-05-01,,82,70,False,
T319,P006,MAX20-0189,Протестировать сервис уведомлений для розницы,R034,Яна Климова,Review,high,2026-04-30,,84,71,False,
T320,P006,MAX20-0190,Интегрировать data quality pipeline для МСБ,R035,Артем Ларионов,In Progress,high,2026-04-29,,86,72,False,
T321,P006,MAX20-0191,Документировать миграцию legacy-процессов для корпоративного блока,R036,Валерия Медведева,Review,medium,2026-04-28,,88,73,False,
T322,P006,MAX20-0192,Разработать контур аудита действий для рисков,R037,Глеб Назаров,In Progress,critical,2026-04-27,,90,74,False,
T323,P006,MAX20-0193,Настроить ролевую модель доступа для платежей,R038,Диана Орлова,Review,high,2026-04-26,,92,75,False,
T324,P006,MAX20-0194,Проверить AI-помощника оператора для контакт-центра,R039,Егор Петров,In Progress,high,2026-04-25,,94,76,False,
T325,P006,MAX20-0195,Согласовать модуль согласований для операционного офиса,R040,Инна Рябова,Review,medium,2026-04-24,,96,77,False,
T326,P006,MAX20-0196,Подготовить каталог банковских продуктов для розницы,R041,Лев Сафонов,In Progress,critical,2026-04-23,,98,78,False,
T327,P006,MAX20-0197,Протестировать шину интеграций для МСБ,R042,Милана Тихонова,Review,high,2026-04-22,,100,79,False,
T328,P006,MAX20-0198,Интегрировать observability платформы для корпоративного блока,R043,Петр Устинов,In Progress,high,2026-04-21,,102,80,False,
T329,P006,MAX20-0199,Документировать контур disaster recovery для рисков,R044,Яна Филатова,Review,medium,2026-04-20,,104,81,False,
T330,P006,MAX20-0200,Разработать контур идентификации клиента для платежей,R045,Артем Аверин,In Progress,critical,2026-04-19,,106,82,False,
T331,P006,MAX20-0201,Настроить платежный orchestration layer для контакт-центра,R046,Валерия Басова,Review,high,2026-04-18,,108,83,False,
T332,P006,MAX20-0202,Проверить единый профиль клиента для операционного офиса,R047,Глеб Воронцов,In Progress,high,2026-04-17,,110,84,False,
T333,P006,MAX20-0203,Согласовать витрину клиентских событий для розницы,R048,Диана Галкин,Review,medium,2026-04-16,,112,85,False,
T334,P006,MAX20-0204,Подготовить онлайн-антифрод для МСБ,R049,Егор Демина,In Progress,critical,2026-04-15,,114,86,False,
T335,P006,MAX20-0205,Протестировать кредитный decisioning для корпоративного блока,R050,Инна Еремин,Review,high,2026-04-14,,75,87,False,
T336,P006,MAX20-0206,Интегрировать корпоративный API gateway для рисков,R051,Лев Жукова,In Progress,high,2026-04-13,,77,88,False,
T337,P006,MAX20-0207,Документировать модуль лимитов и тарифов для платежей,R052,Милана Зорин,Review,medium,2026-04-12,,79,89,False,
T338,P006,MAX20-0208,Разработать операционный мониторинг для контакт-центра,R053,Петр Исаев,In Progress,critical,2026-04-11,,81,90,False,
T339,P006,MAX20-0209,Настроить сервис уведомлений для операционного офиса,R054,Яна Климова,Review,high,2026-04-10,,83,91,False,
T340,P006,MAX20-0210,Проверить data quality pipeline для розницы,R055,Артем Ларионов,In Progress,high,2026-06-18,,85,92,False,
T341,P006,MAX20-0211,Согласовать миграцию legacy-процессов для МСБ,R056,Валерия Медведева,Review,medium,2026-06-17,,87,93,False,
T342,P006,MAX20-0212,Подготовить контур аудита действий для корпоративного блока,R057,Глеб Назаров,In Progress,critical,2026-06-16,,89,94,False,
T343,P006,MAX20-0213,Протестировать ролевую модель доступа для рисков,R058,Диана Орлова,Review,high,2026-06-15,,91,95,False,
T344,P006,MAX20-0214,Интегрировать AI-помощника оператора для платежей,R059,Егор Петров,In Progress,high,2026-06-14,,93,96,False,
T345,P006,MAX20-0215,Документировать модуль согласований для контакт-центра,R060,Инна Рябова,Review,medium,2026-06-13,,95,97,False,
T346,P006,MAX20-0216,Разработать каталог банковских продуктов для операционного офиса,R061,Лев Сафонов,In Progress,critical,2026-06-12,,97,98,False,
T347,P006,MAX20-0217,Настроить шину интеграций для розницы,R062,Милана Тихонова,Review,high,2026-06-11,,99,99,False,
T348,P006,MAX20-0218,Проверить observability платформы для МСБ,R063,Петр Устинов,In Progress,high,2026-06-10,,101,100,False,
T349,P006,MAX20-0219,Согласовать контур disaster recovery для корпоративного блока,R064,Яна Филатова,Review,medium,2026-06-09,,103,101,False,
T350,P006,MAX20-0220,Подготовить контур идентификации клиента для рисков,R065,Артем Аверин,In Progress,critical,2026-06-08,,105,102,False,
T351,P006,MAX20-0221,Протестировать платежный orchestration layer для платежей,R066,Валерия Басова,Review,high,2026-06-07,,107,103,False,
T352,P006,MAX20-0222,Интегрировать единый профиль клиента для контакт-центра,R067,Глеб Воронцов,In Progress,high,2026-06-06,,109,104,False,
T353,P006,MAX20-0223,Документировать витрину клиентских событий для операционного офиса,R068,Диана Галкин,Review,medium,2026-06-05,,111,105,False,
T354,P006,MAX20-0224,Разработать онлайн-антифрод для розницы,R069,Егор Демина,In Progress,critical,2026-06-04,,113,106,False,
T355,P006,MAX20-0225,Настроить кредитный decisioning для МСБ,R070,Инна Еремин,Review,high,2026-06-03,,115,107,False,
T356,P006,MAX20-0226,Проверить корпоративный API gateway для корпоративного блока,R071,Лев Жукова,In Progress,high,2026-06-02,,117,108,False,
T357,P006,MAX20-0227,Согласовать модуль лимитов и тарифов для рисков,R072,Милана Зорин,Review,medium,2026-06-01,,119,109,False,
T358,P006,MAX20-0228,Подготовить операционный мониторинг для платежей,R073,Петр Исаев,In Progress,critical,2026-05-31,,121,110,False,
T359,P006,MAX20-0229,Протестировать сервис уведомлений для контакт-центра,R074,Яна Климова,Review,high,2026-05-30,,123,111,False,
T360,P006,MAX20-0230,Интегрировать data quality pipeline для операционного офиса,R075,Артем Ларионов,In Progress,high,2026-05-29,,125,112,False,
T361,P006,MAX20-0231,Документировать миграцию legacy-процессов для розницы,R076,Валерия Медведева,Review,medium,2026-05-28,,127,113,False,
T362,P006,MAX20-0232,Разработать контур аудита действий для МСБ,R077,Глеб Назаров,In Progress,critical,2026-05-27,,129,114,False,
T363,P006,MAX20-0233,Настроить ролевую модель доступа для корпоративного блока,R078,Диана Орлова,Review,high,2026-05-26,,131,115,False,
T364,P006,MAX20-0234,Проверить AI-помощника оператора для рисков,R079,Егор Петров,In Progress,high,2026-05-25,,133,116,False,
T365,P006,MAX20-0235,Согласовать модуль согласований для платежей,R080,Инна Рябова,Review,medium,2026-05-24,,135,117,False,
T366,P006,MAX20-0236,Подготовить каталог банковских продуктов для контакт-центра,R081,Лев Сафонов,In Progress,critical,2026-05-23,,137,118,False,
T367,P006,MAX20-0237,Протестировать шину интеграций для операционного офиса,R082,Милана Тихонова,Review,high,2026-05-22,,139,119,False,
T368,P006,MAX20-0238,Интегрировать observability платформы для розницы,R083,Петр Устинов,In Progress,high,2026-05-21,,141,120,False,
T369,P006,MAX20-0239,Документировать контур disaster recovery для МСБ,R084,Яна Филатова,Review,medium,2026-05-20,,143,121,False,
T370,P006,MAX20-0240,Разработать контур идентификации клиента для корпоративного блока,R085,Артем Аверин,In Progress,critical,2026-05-19,,145,122,False,
T371,P006,MAX20-0241,Настроить платежный orchestration layer для рисков,R086,Валерия Басова,Review,high,2026-05-18,,147,123,False,
T372,P006,MAX20-0242,Проверить единый профиль клиента для платежей,R087,Глеб Воронцов,In Progress,high,2026-05-17,,149,124,False,
T373,P006,MAX20-0243,Согласовать витрину клиентских событий для контакт-центра,R088,Диана Галкин,Review,medium,2026-05-16,,151,125,False,
T374,P006,MAX20-0244,Подготовить онлайн-антифрод для операционного офиса,R089,Егор Демина,In Progress,critical,2026-05-15,,153,126,False,
T375,P006,MAX20-0245,Протестировать кредитный decisioning для розницы,R090,Инна Еремин,Review,high,2026-05-14,,155,127,False,
T376,P006,MAX20-0246,Интегрировать корпоративный API gateway для МСБ,R091,Лев Жукова,In Progress,high,2026-05-13,,116,128,False,
T377,P006,MAX20-0247,Документировать модуль лимитов и тарифов для корпоративного блока,R092,Милана Зорин,Review,medium,2026-05-12,,118,129,False,
T378,P006,MAX20-0248,Разработать операционный мониторинг для рисков,R093,Петр Исаев,In Progress,critical,2026-05-11,,120,130,False,
T379,P006,MAX20-0249,Настроить сервис уведомлений для платежей,R094,Яна Климова,Review,high,2026-05-10,,122,131,False,
T380,P006,MAX20-0250,Проверить data quality pipeline для контакт-центра,R095,Артем Ларионов,In Progress,high,2026-05-09,,124,132,False,
T381,P006,MAX20-0251,Согласовать миграцию legacy-процессов для операционного офиса,R096,Валерия Медведева,Review,medium,2026-05-08,,126,133,False,
T382,P006,MAX20-0252,Подготовить контур аудита действий для розницы,R097,Глеб Назаров,In Progress,critical,2026-05-07,,128,134,False,
T383,P006,MAX20-0253,Протестировать ролевую модель доступа для МСБ,R098,Диана Орлова,Review,high,2026-05-06,,130,135,False,
T384,P006,MAX20-0254,Интегрировать AI-помощника оператора для корпоративного блока,R099,Егор Петров,In Progress,high,2026-05-05,,132,136,False,
T385,P006,MAX20-0255,Документировать модуль согласований для рисков,R100,Инна Рябова,Review,medium,2026-05-04,,134,137,False,
T386,P006,MAX20-0256,Разработать каталог банковских продуктов для платежей,R101,Лев Сафонов,In Progress,critical,2026-05-03,,136,138,False,
T387,P006,MAX20-0257,Настроить шину интеграций для контакт-центра,R102,Милана Тихонова,Review,high,2026-05-02,,138,139,False,
T388,P006,MAX20-0258,Проверить observability платформы для операционного офиса,R103,Петр Устинов,In Progress,high,2026-05-01,,140,140,False,
T389,P006,MAX20-0259,Согласовать контур disaster recovery для розницы,R104,Яна Филатова,Review,medium,2026-04-30,,142,141,False,
T390,P006,MAX20-0260,Подготовить контур идентификации клиента для МСБ,R105,Артем Аверин,In Progress,critical,2026-04-29,,14,12,False,
T391,P006,MAX20-0261,Протестировать платежный orchestration layer для корпоративного блока,R106,Валерия Басова,Review,high,2026-04-28,,16,13,False,
T392,P006,MAX20-0262,Интегрировать единый профиль клиента для рисков,R107,Глеб Воронцов,In Progress,high,2026-04-27,,18,14,False,
T393,P006,MAX20-0263,Документировать витрину клиентских событий для платежей,R108,Диана Галкин,Review,medium,2026-04-26,,20,15,False,
T394,P006,MAX20-0264,Разработать онлайн-антифрод для контакт-центра,R109,Егор Демина,In Progress,critical,2026-04-25,,22,16,False,
T395,P006,MAX20-0265,Настроить кредитный decisioning для операционного офиса,R110,Инна Еремин,Review,high,2026-04-24,,24,17,False,
T396,P006,MAX20-0266,Проверить корпоративный API gateway для розницы,R111,Лев Жукова,In Progress,high,2026-04-23,,26,18,False,
T397,P006,MAX20-0267,Согласовать модуль лимитов и тарифов для МСБ,R112,Милана Зорин,Review,medium,2026-04-22,,28,19,False,
T398,P006,MAX20-0268,Подготовить операционный мониторинг для корпоративного блока,R113,Петр Исаев,In Progress,critical,2026-04-21,,30,20,False,
T399,P006,MAX20-0269,Протестировать сервис уведомлений для рисков,R114,Яна Климова,Review,high,2026-04-20,,32,21,False,
T400,P006,MAX20-0270,Интегрировать data quality pipeline для платежей,R025,Артем Аверин,In Progress,high,2026-04-19,,34,22,False,
T401,P006,MAX20-0271,Документировать миграцию legacy-процессов для контакт-центра,R026,Валерия Басова,Review,medium,2026-04-18,,36,23,False,
T402,P006,MAX20-0272,Разработать контур аудита действий для операционного офиса,R027,Глеб Воронцов,In Progress,critical,2026-04-17,,38,24,False,
T403,P006,MAX20-0273,Настроить ролевую модель доступа для розницы,R028,Диана Галкин,Review,high,2026-04-16,,40,25,False,
T404,P006,MAX20-0274,Проверить AI-помощника оператора для МСБ,R029,Егор Демина,In Progress,high,2026-04-15,,42,26,False,
T405,P006,MAX20-0275,Согласовать модуль согласований для корпоративного блока,R030,Инна Еремин,Review,medium,2026-04-14,,44,27,False,
T406,P006,MAX20-0276,Подготовить каталог банковских продуктов для рисков,R031,Лев Жукова,In Progress,critical,2026-04-13,,46,28,False,
T407,P006,MAX20-0277,Протестировать шину интеграций для платежей,R032,Милана Зорин,Review,high,2026-04-12,,48,29,False,
T408,P006,MAX20-0278,Интегрировать observability платформы для контакт-центра,R033,Петр Исаев,In Progress,high,2026-04-11,,50,30,False,
T409,P006,MAX20-0279,Документировать контур disaster recovery для операционного офиса,R034,Яна Климова,Review,medium,2026-04-10,,52,31,False,
T410,P006,MAX20-0280,Разработать контур идентификации клиента для розницы,R035,Артем Ларионов,In Progress,critical,2026-06-18,,54,32,False,
T411,P006,MAX20-0281,Настроить платежный orchestration layer для МСБ,R036,Валерия Медведева,Review,high,2026-06-17,,56,33,False,
T412,P006,MAX20-0282,Проверить единый профиль клиента для корпоративного блока,R037,Глеб Назаров,In Progress,high,2026-06-16,,58,34,False,
T413,P006,MAX20-0283,Согласовать витрину клиентских событий для рисков,R038,Диана Орлова,Review,medium,2026-06-15,,60,35,False,
T414,P006,MAX20-0284,Подготовить онлайн-антифрод для платежей,R039,Егор Петров,In Progress,critical,2026-06-14,,62,36,False,
T415,P006,MAX20-0285,Протестировать кредитный decisioning для контакт-центра,R040,Инна Рябова,Review,high,2026-06-13,,64,37,False,
T416,P006,MAX20-0286,Интегрировать корпоративный API gateway для операционного офиса,R041,Лев Сафонов,In Progress,high,2026-06-12,,66,38,False,
T417,P006,MAX20-0287,Документировать модуль лимитов и тарифов для розницы,R042,Милана Тихонова,Review,medium,2026-06-11,,27,39,False,
T418,P006,MAX20-0288,Разработать операционный мониторинг для МСБ,R043,Петр Устинов,In Progress,critical,2026-06-10,,29,40,False,
T419,P006,MAX20-0289,Настроить сервис уведомлений для корпоративного блока,R044,Яна Филатова,Review,high,2026-06-09,,31,41,False,
T420,P006,MAX20-0290,Проверить data quality pipeline для рисков,R045,Артем Аверин,In Progress,high,2026-06-08,,33,42,False,
T421,P006,MAX20-0291,Согласовать миграцию legacy-процессов для платежей,R046,Валерия Басова,Review,medium,2026-06-07,,35,43,False,
T422,P006,MAX20-0292,Подготовить контур аудита действий для контакт-центра,R047,Глеб Воронцов,In Progress,critical,2026-06-06,,37,44,False,
T423,P006,MAX20-0293,Протестировать ролевую модель доступа для операционного офиса,R048,Диана Галкин,Review,high,2026-06-05,,39,45,False,
T424,P006,MAX20-0294,Интегрировать AI-помощника оператора для розницы,R049,Егор Демина,In Progress,high,2026-06-04,,41,46,False,
T425,P006,MAX20-0295,Документировать модуль согласований для МСБ,R050,Инна Еремин,Review,medium,2026-06-03,,43,47,False,
T426,P006,MAX20-0296,Разработать каталог банковских продуктов для корпоративного блока,R051,Лев Жукова,In Progress,critical,2026-06-02,,45,48,False,
T427,P006,MAX20-0297,Настроить шину интеграций для рисков,R052,Милана Зорин,Review,high,2026-06-01,,47,49,False,
T428,P006,MAX20-0298,Проверить observability платформы для платежей,R053,Петр Исаев,In Progress,high,2026-05-31,,49,50,False,
T429,P006,MAX20-0299,Согласовать контур disaster recovery для контакт-центра,R054,Яна Климова,Review,medium,2026-05-30,,51,51,False,
T430,P006,MAX20-0300,Подготовить контур идентификации клиента для операционного офиса,R055,Артем Ларионов,In Progress,critical,2026-05-29,,53,52,False,
T431,P006,MAX20-0301,Протестировать платежный orchestration layer для розницы,R056,Валерия Медведева,Review,high,2026-05-28,,55,53,False,
T432,P006,MAX20-0302,Интегрировать единый профиль клиента для МСБ,R057,Глеб Назаров,In Progress,high,2026-05-27,,57,54,False,
T433,P006,MAX20-0303,Документировать витрину клиентских событий для корпоративного блока,R058,Диана Орлова,Review,medium,2026-05-26,,59,55,False,
T434,P006,MAX20-0304,Разработать онлайн-антифрод для рисков,R059,Егор Петров,In Progress,critical,2026-05-25,,61,56,False,
T435,P006,MAX20-0305,Настроить кредитный decisioning для платежей,R060,Инна Рябова,Review,high,2026-05-24,,63,57,False,
T436,P006,MAX20-0306,Проверить корпоративный API gateway для контакт-центра,R061,Лев Сафонов,In Progress,high,2026-05-23,,65,58,False,
T437,P006,MAX20-0307,Согласовать модуль лимитов и тарифов для операционного офиса,R062,Милана Тихонова,Review,medium,2026-05-22,,67,59,False,
T438,P006,MAX20-0308,Подготовить операционный мониторинг для розницы,R063,Петр Устинов,In Progress,critical,2026-05-21,,69,60,False,
T439,P006,MAX20-0309,Протестировать сервис уведомлений для МСБ,R064,Яна Филатова,Review,high,2026-05-20,,71,61,False,
T440,P006,MAX20-0310,Интегрировать data quality pipeline для корпоративного блока,R065,Артем Аверин,In Progress,high,2026-05-19,,73,62,False,
T441,P006,MAX20-0311,Документировать миграцию legacy-процессов для рисков,R066,Валерия Басова,Review,medium,2026-05-18,,75,63,False,
T442,P006,MAX20-0312,Разработать контур аудита действий для платежей,R067,Глеб Воронцов,In Progress,critical,2026-05-17,,77,64,False,
T443,P006,MAX20-0313,Настроить ролевую модель доступа для контакт-центра,R068,Диана Галкин,Review,high,2026-05-16,,79,65,False,
T444,P006,MAX20-0314,Проверить AI-помощника оператора для операционного офиса,R069,Егор Демина,In Progress,high,2026-05-15,,81,66,False,
T445,P006,MAX20-0315,Согласовать модуль согласований для розницы,R070,Инна Еремин,Review,medium,2026-05-14,,83,67,False,
T446,P006,MAX20-0316,Подготовить каталог банковских продуктов для МСБ,R071,Лев Жукова,In Progress,critical,2026-05-13,,85,68,False,
T447,P006,MAX20-0317,Протестировать шину интеграций для корпоративного блока,R072,Милана Зорин,Review,high,2026-05-12,,87,69,False,
T448,P006,MAX20-0318,Интегрировать observability платформы для рисков,R073,Петр Исаев,In Progress,high,2026-05-11,,89,70,False,
T449,P006,MAX20-0319,Документировать контур disaster recovery для платежей,R074,Яна Климова,Review,medium,2026-05-10,,91,71,False,
T450,P006,MAX20-0320,Разработать контур идентификации клиента для контакт-центра,R075,Артем Ларионов,In Progress,critical,2026-05-09,,93,72,False,
T451,P006,MAX20-0321,Настроить платежный orchestration layer для операционного офиса,R076,Валерия Медведева,Review,high,2026-05-08,,95,73,False,
T452,P006,MAX20-0322,Проверить единый профиль клиента для розницы,R077,Глеб Назаров,In Progress,high,2026-05-07,,97,74,False,
T453,P006,MAX20-0323,Согласовать витрину клиентских событий для МСБ,R078,Диана Орлова,Review,medium,2026-05-06,,99,75,False,
T454,P006,MAX20-0324,Подготовить онлайн-антифрод для корпоративного блока,R079,Егор Петров,In Progress,critical,2026-05-05,,101,76,False,
T455,P006,MAX20-0325,Протестировать кредитный decisioning для рисков,R080,Инна Рябова,Review,high,2026-05-04,,103,77,False,
T456,P006,MAX20-0326,Интегрировать корпоративный API gateway для платежей,R081,Лев Сафонов,In Progress,high,2026-05-03,,105,78,False,
T457,P006,MAX20-0327,Документировать модуль лимитов и тарифов для контакт-центра,R082,Милана Тихонова,Review,medium,2026-05-02,,107,79,False,
T458,P006,MAX20-0328,Разработать операционный мониторинг для операционного офиса,R083,Петр Устинов,In Progress,critical,2026-05-01,,68,80,False,
T459,P006,MAX20-0329,Настроить сервис уведомлений для розницы,R084,Яна Филатова,Review,high,2026-04-30,,70,81,False,
T460,P006,MAX20-0330,Проверить data quality pipeline для МСБ,R085,Артем Аверин,In Progress,high,2026-04-29,,72,82,False,
T461,P006,MAX20-0331,Согласовать миграцию legacy-процессов для корпоративного блока,R086,Валерия Басова,Review,medium,2026-04-28,,74,83,False,
T462,P006,MAX20-0332,Подготовить контур аудита действий для рисков,R087,Глеб Воронцов,In Progress,critical,2026-04-27,,76,84,False,
T463,P006,MAX20-0333,Протестировать ролевую модель доступа для платежей,R088,Диана Галкин,Review,high,2026-04-26,,78,85,False,
T464,P006,MAX20-0334,Интегрировать AI-помощника оператора для контакт-центра,R089,Егор Демина,In Progress,high,2026-04-25,,80,86,False,
T465,P006,MAX20-0335,Документировать модуль согласований для операционного офиса,R090,Инна Еремин,Review,medium,2026-04-24,,82,87,False,
T466,P006,MAX20-0336,Разработать каталог банковских продуктов для розницы,R091,Лев Жукова,In Progress,critical,2026-04-23,,84,88,False,
T467,P006,MAX20-0337,Настроить шину интеграций для МСБ,R092,Милана Зорин,Review,high,2026-04-22,,86,89,False,
T468,P006,MAX20-0338,Проверить observability платформы для корпоративного блока,R093,Петр Исаев,In Progress,high,2026-04-21,,88,90,False,
T469,P006,MAX20-0339,Согласовать контур disaster recovery для рисков,R094,Яна Климова,Review,medium,2026-04-20,,90,91,False,
T470,P006,MAX20-0340,Подготовить контур идентификации клиента для платежей,R095,Артем Ларионов,In Progress,critical,2026-04-19,,92,92,False,
T471,P006,MAX20-0341,Протестировать платежный orchestration layer для контакт-центра,R096,Валерия Медведева,Review,high,2026-04-18,,94,93,False,
T472,P006,MAX20-0342,Интегрировать единый профиль клиента для операционного офиса,R097,Глеб Назаров,In Progress,high,2026-04-17,,96,94,False,
T473,P006,MAX20-0343,Документировать витрину клиентских событий для розницы,R098,Диана Орлова,Review,medium,2026-04-16,,98,95,False,
T474,P006,MAX20-0344,Разработать онлайн-антифрод для МСБ,R099,Егор Петров,In Progress,critical,2026-04-15,,100,96,False,
T475,P006,MAX20-0345,Настроить кредитный decisioning для корпоративного блока,R100,Инна Рябова,Review,high,2026-04-14,,102,97,False,
T476,P006,MAX20-0346,Проверить корпоративный API gateway для рисков,R101,Лев Сафонов,In Progress,high,2026-04-13,,104,98,False,
T477,P006,MAX20-0347,Согласовать модуль лимитов и тарифов для платежей,R102,Милана Тихонова,Review,medium,2026-04-12,,106,99,False,
T478,P006,MAX20-0348,Подготовить операционный мониторинг для контакт-центра,R103,Петр Устинов,In Progress,critical,2026-04-11,,108,100,False,
T479,P006,MAX20-0349,Протестировать сервис уведомлений для операционного офиса,R104,Яна Филатова,Review,high,2026-04-10,,110,101,False,
T480,P006,MAX20-0350,Интегрировать data quality pipeline для розницы,R105,Артем Аверин,In Progress,high,2026-06-18,,112,102,False,
T481,P006,MAX20-0351,Документировать миграцию legacy-процессов для МСБ,R106,Валерия Басова,Review,medium,2026-06-17,,114,103,False,
T482,P006,MAX20-0352,Разработать контур аудита действий для корпоративного блока,R107,Глеб Воронцов,In Progress,critical,2026-06-16,,116,104,False,
T483,P006,MAX20-0353,Настроить ролевую модель доступа для рисков,R108,Диана Галкин,Review,high,2026-06-15,,118,105,False,
T484,P006,MAX20-0354,Проверить AI-помощника оператора для платежей,R109,Егор Демина,In Progress,high,2026-06-14,,120,106,False,
T485,P006,MAX20-0355,Согласовать модуль согласований для контакт-центра,R110,Инна Еремин,Review,medium,2026-06-13,,122,107,False,
T486,P006,MAX20-0356,Подготовить каталог банковских продуктов для операционного офиса,R111,Лев Жукова,In Progress,critical,2026-06-12,,124,108,False,
T487,P006,MAX20-0357,Протестировать шину интеграций для розницы,R112,Милана Зорин,Review,high,2026-06-11,,126,109,False,
T488,P006,MAX20-0358,Интегрировать observability платформы для МСБ,R113,Петр Исаев,In Progress,high,2026-06-10,,128,110,False,
T489,P006,MAX20-0359,Документировать контур disaster recovery для корпоративного блока,R114,Яна Климова,Review,medium,2026-06-09,,130,111,False,
T490,P006,MAX20-0360,Разработать контур идентификации клиента для рисков,R025,Артем Аверин,In Progress,critical,2026-06-08,,132,112,False,
T491,P006,MAX20-0361,Настроить платежный orchestration layer для платежей,R026,Валерия Басова,Review,high,2026-06-07,,134,113,False,
T492,P006,MAX20-0362,Проверить единый профиль клиента для контакт-центра,R027,Глеб Воронцов,In Progress,high,2026-06-06,,136,114,False,
T493,P006,MAX20-0363,Согласовать витрину клиентских событий для операционного офиса,R028,Диана Галкин,Review,medium,2026-06-05,,138,115,False,
T494,P006,MAX20-0364,Подготовить онлайн-антифрод для розницы,R029,Егор Демина,In Progress,critical,2026-06-04,,140,116,False,
T495,P006,MAX20-0365,Протестировать кредитный decisioning для МСБ,R030,Инна Еремин,Review,high,2026-06-03,,142,117,False,
T496,P006,MAX20-0366,Интегрировать корпоративный API gateway для корпоративного блока,R031,Лев Жукова,In Progress,high,2026-06-02,,144,118,False,
T497,P006,MAX20-0367,Документировать модуль лимитов и тарифов для рисков,R032,Милана Зорин,Review,medium,2026-06-01,,146,119,False,
T498,P006,MAX20-0368,Разработать операционный мониторинг для платежей,R033,Петр Исаев,In Progress,critical,2026-05-31,,148,120,False,
T499,P006,MAX20-0369,Настроить сервис уведомлений для контакт-центра,R034,Яна Климова,Review,high,2026-05-30,,109,121,False,
T500,P006,MAX20-0370,Проверить data quality pipeline для операционного офиса,R035,Артем Ларионов,In Progress,high,2026-05-29,,111,122,False,
T501,P006,MAX20-0371,Согласовать миграцию legacy-процессов для розницы,R036,Валерия Медведева,Review,medium,2026-05-28,,113,123,False,
T502,P006,MAX20-0372,Подготовить контур аудита действий для МСБ,R037,Глеб Назаров,In Progress,critical,2026-05-27,,115,124,False,
T503,P006,MAX20-0373,Протестировать ролевую модель доступа для корпоративного блока,R038,Диана Орлова,Review,high,2026-05-26,,117,125,False,
T504,P006,MAX20-0374,Интегрировать AI-помощника оператора для рисков,R039,Егор Петров,In Progress,high,2026-05-25,,119,126,False,
T505,P006,MAX20-0375,Документировать модуль согласований для платежей,R040,Инна Рябова,Review,medium,2026-05-24,,121,127,False,
T506,P006,MAX20-0376,Разработать каталог банковских продуктов для контакт-центра,R041,Лев Сафонов,In Progress,critical,2026-05-23,,123,128,False,
T507,P006,MAX20-0377,Настроить шину интеграций для операционного офиса,R042,Милана Тихонова,Review,high,2026-05-22,,125,129,False,
T508,P006,MAX20-0378,Проверить observability платформы для розницы,R043,Петр Устинов,In Progress,high,2026-05-21,,127,130,False,
T509,P006,MAX20-0379,Согласовать контур disaster recovery для МСБ,R044,Яна Филатова,Review,medium,2026-05-20,,129,131,False,
T510,P006,MAX20-0380,Подготовить контур идентификации клиента для корпоративного блока,R045,Артем Аверин,In Progress,critical,2026-05-19,,131,132,False,
T511,P006,MAX20-0381,Протестировать платежный orchestration layer для рисков,R046,Валерия Басова,Review,high,2026-05-18,,133,133,False,
T512,P006,MAX20-0382,Интегрировать единый профиль клиента для платежей,R047,Глеб Воронцов,In Progress,high,2026-05-17,,135,134,False,
T513,P006,MAX20-0383,Документировать витрину клиентских событий для контакт-центра,R048,Диана Галкин,Review,medium,2026-05-16,,137,135,False,
T514,P006,MAX20-0384,Разработать онлайн-антифрод для операционного офиса,R049,Егор Демина,In Progress,critical,2026-05-15,,139,136,False,
T515,P006,MAX20-0385,Настроить кредитный decisioning для розницы,R050,Инна Еремин,Review,high,2026-05-14,,141,137,False,
T516,P006,MAX20-0386,Проверить корпоративный API gateway для МСБ,R051,Лев Жукова,In Progress,high,2026-05-13,,143,138,False,
T517,P006,MAX20-0387,Согласовать модуль лимитов и тарифов для корпоративного блока,R052,Милана Зорин,Review,medium,2026-05-12,,145,139,False,
T518,P006,MAX20-0388,Подготовить операционный мониторинг для рисков,R053,Петр Исаев,In Progress,critical,2026-05-11,,147,140,False,
T519,P006,MAX20-0389,Протестировать сервис уведомлений для платежей,R054,Яна Климова,Review,high,2026-05-10,,149,141,False,
T520,P006,MAX20-0390,Интегрировать data quality pipeline для контакт-центра,R055,Артем Ларионов,In Progress,high,2026-05-09,,21,12,False,
T521,P006,MAX20-0391,Документировать миграцию legacy-процессов для операционного офиса,R056,Валерия Медведева,Review,medium,2026-05-08,,23,13,False,
T522,P006,MAX20-0392,Разработать контур аудита действий для розницы,R057,Глеб Назаров,In Progress,critical,2026-05-07,,25,14,False,
T523,P006,MAX20-0393,Настроить ролевую модель доступа для МСБ,R058,Диана Орлова,Review,high,2026-05-06,,27,15,False,
T524,P006,MAX20-0394,Проверить AI-помощника оператора для корпоративного блока,R059,Егор Петров,In Progress,high,2026-05-05,,29,16,False,
T525,P006,MAX20-0395,Согласовать модуль согласований для рисков,R060,Инна Рябова,Review,medium,2026-05-04,,31,17,False,
T526,P006,MAX20-0396,Подготовить каталог банковских продуктов для платежей,R061,Лев Сафонов,In Progress,critical,2026-05-03,,33,18,False,
T527,P006,MAX20-0397,Протестировать шину интеграций для контакт-центра,R062,Милана Тихонова,Review,high,2026-05-02,,35,19,False,
T528,P006,MAX20-0398,Интегрировать observability платформы для операционного офиса,R063,Петр Устинов,In Progress,high,2026-05-01,,37,20,False,
T529,P006,MAX20-0399,Документировать контур disaster recovery для розницы,R064,Яна Филатова,Review,medium,2026-04-30,,39,21,False,
T530,P006,MAX20-0400,Разработать контур идентификации клиента для МСБ,R065,Артем Аверин,In Progress,critical,2026-04-29,,41,22,False,
T531,P006,MAX20-0401,Настроить платежный orchestration layer для корпоративного блока,R066,Валерия Басова,Review,high,2026-04-28,,43,23,False,
T532,P006,MAX20-0402,Проверить единый профиль клиента для рисков,R067,Глеб Воронцов,In Progress,high,2026-04-27,,45,24,False,
T533,P006,MAX20-0403,Согласовать витрину клиентских событий для платежей,R068,Диана Галкин,Review,medium,2026-04-26,,47,25,False,
T534,P006,MAX20-0404,Подготовить онлайн-антифрод для контакт-центра,R069,Егор Демина,In Progress,critical,2026-04-25,,49,26,False,
T535,P006,MAX20-0405,Протестировать кредитный decisioning для операционного офиса,R070,Инна Еремин,Review,high,2026-04-24,,51,27,False,
T536,P006,MAX20-0406,Интегрировать корпоративный API gateway для розницы,R071,Лев Жукова,In Progress,high,2026-04-23,,53,28,False,
T537,P006,MAX20-0407,Документировать модуль лимитов и тарифов для МСБ,R072,Милана Зорин,Review,medium,2026-04-22,,55,29,False,
T538,P006,MAX20-0408,Разработать операционный мониторинг для корпоративного блока,R073,Петр Исаев,In Progress,critical,2026-04-21,,57,30,False,
T539,P006,MAX20-0409,Настроить сервис уведомлений для рисков,R074,Яна Климова,Review,high,2026-04-20,,59,31,False,
T540,P006,MAX20-0410,Проверить data quality pipeline для платежей,R075,Артем Ларионов,In Progress,high,2026-04-19,,20,32,False,
T541,P006,MAX20-0411,Согласовать миграцию legacy-процессов для контакт-центра,R076,Валерия Медведева,Review,medium,2026-04-18,,22,33,False,
T542,P006,MAX20-0412,Подготовить контур аудита действий для операционного офиса,R077,Глеб Назаров,In Progress,critical,2026-04-17,,24,34,False,
T543,P006,MAX20-0413,Протестировать ролевую модель доступа для розницы,R078,Диана Орлова,Review,high,2026-04-16,,26,35,False,
T544,P006,MAX20-0414,Интегрировать AI-помощника оператора для МСБ,R079,Егор Петров,In Progress,high,2026-04-15,,28,36,False,
T545,P006,MAX20-0415,Документировать модуль согласований для корпоративного блока,R080,Инна Рябова,Review,medium,2026-04-14,,30,37,False,
T546,P006,MAX20-0416,Разработать каталог банковских продуктов для рисков,R081,Лев Сафонов,In Progress,critical,2026-04-13,,32,38,False,
T547,P006,MAX20-0417,Настроить шину интеграций для платежей,R082,Милана Тихонова,Review,high,2026-04-12,,34,39,False,
T548,P006,MAX20-0418,Проверить observability платформы для контакт-центра,R083,Петр Устинов,In Progress,high,2026-04-11,,36,40,False,
T549,P006,MAX20-0419,Согласовать контур disaster recovery для операционного офиса,R084,Яна Филатова,Review,medium,2026-04-10,,38,41,False,
T550,P006,MAX20-0420,Подготовить контур идентификации клиента для розницы,R085,Артем Аверин,In Progress,critical,2026-06-18,,40,42,False,
T551,P006,MAX20-0421,Протестировать платежный orchestration layer для МСБ,R086,Валерия Басова,Review,high,2026-06-17,,42,43,False,
T552,P006,MAX20-0422,Интегрировать единый профиль клиента для корпоративного блока,R087,Глеб Воронцов,In Progress,high,2026-06-16,,44,44,False,
T553,P006,MAX20-0423,Документировать витрину клиентских событий для рисков,R088,Диана Галкин,Review,medium,2026-06-15,,46,45,False,
T554,P006,MAX20-0424,Разработать онлайн-антифрод для платежей,R089,Егор Демина,In Progress,critical,2026-06-14,,48,46,False,
T555,P006,MAX20-0425,Настроить кредитный decisioning для контакт-центра,R090,Инна Еремин,Review,high,2026-06-13,,50,47,False,
T556,P006,MAX20-0426,Проверить корпоративный API gateway для операционного офиса,R091,Лев Жукова,In Progress,high,2026-06-12,,52,48,False,
T557,P006,MAX20-0427,Согласовать модуль лимитов и тарифов для розницы,R092,Милана Зорин,Review,medium,2026-06-11,,54,49,False,
T558,P006,MAX20-0428,Подготовить операционный мониторинг для МСБ,R093,Петр Исаев,In Progress,critical,2026-06-10,,56,50,False,
T559,P006,MAX20-0429,Протестировать сервис уведомлений для корпоративного блока,R094,Яна Климова,Review,high,2026-06-09,,58,51,False,
T560,P006,MAX20-0430,Интегрировать data quality pipeline для рисков,R095,Артем Ларионов,In Progress,high,2026-06-08,,60,52,False,
T561,P006,MAX20-0431,Документировать миграцию legacy-процессов для платежей,R096,Валерия Медведева,Review,medium,2026-06-07,,62,53,False,
T562,P006,MAX20-0432,Разработать контур аудита действий для контакт-центра,R097,Глеб Назаров,In Progress,critical,2026-06-06,,64,54,False,
T563,P006,MAX20-0433,Настроить ролевую модель доступа для операционного офиса,R098,Диана Орлова,Review,high,2026-06-05,,66,55,False,
T564,P006,MAX20-0434,Проверить AI-помощника оператора для розницы,R099,Егор Петров,In Progress,high,2026-06-04,,68,56,False,
T565,P006,MAX20-0435,Согласовать модуль согласований для МСБ,R100,Инна Рябова,Review,medium,2026-06-03,,70,57,False,
T566,P006,MAX20-0436,Подготовить каталог банковских продуктов для корпоративного блока,R101,Лев Сафонов,In Progress,critical,2026-06-02,,72,58,False,
T567,P006,MAX20-0437,Протестировать шину интеграций для рисков,R102,Милана Тихонова,Review,high,2026-06-01,,74,59,False,
T568,P006,MAX20-0438,Интегрировать observability платформы для платежей,R103,Петр Устинов,In Progress,high,2026-05-31,,76,60,False,
T569,P006,MAX20-0439,Документировать контур disaster recovery для контакт-центра,R104,Яна Филатова,Review,medium,2026-05-30,,78,61,False,
T570,P006,MAX20-0440,Разработать контур идентификации клиента для операционного офиса,R105,Артем Аверин,In Progress,critical,2026-05-29,,80,62,False,
T571,P006,MAX20-0441,Настроить платежный orchestration layer для розницы,R106,Валерия Басова,Review,high,2026-05-28,,82,63,False,
T572,P006,MAX20-0442,Проверить единый профиль клиента для МСБ,R107,Глеб Воронцов,In Progress,high,2026-05-27,,84,64,False,
T573,P006,MAX20-0443,Согласовать витрину клиентских событий для корпоративного блока,R108,Диана Галкин,Review,medium,2026-05-26,,86,65,False,
T574,P006,MAX20-0444,Подготовить онлайн-антифрод для рисков,R109,Егор Демина,In Progress,critical,2026-05-25,,88,66,False,
T575,P006,MAX20-0445,Протестировать кредитный decisioning для платежей,R110,Инна Еремин,Review,high,2026-05-24,,90,67,False,
T576,P006,MAX20-0446,Интегрировать корпоративный API gateway для контакт-центра,R111,Лев Жукова,In Progress,high,2026-05-23,,92,68,False,
T577,P006,MAX20-0447,Документировать модуль лимитов и тарифов для операционного офиса,R112,Милана Зорин,Review,medium,2026-05-22,,94,69,False,
T578,P006,MAX20-0448,Разработать операционный мониторинг для розницы,R113,Петр Исаев,In Progress,critical,2026-05-21,,96,70,False,
T579,P006,MAX20-0449,Настроить сервис уведомлений для МСБ,R114,Яна Климова,Review,high,2026-05-20,,98,71,False,
T580,P006,MAX20-0450,Проверить data quality pipeline для корпоративного блока,R025,Артем Аверин,In Progress,high,2026-05-19,,100,72,False,
T581,P006,MAX20-0451,Согласовать миграцию legacy-процессов для рисков,R026,Валерия Басова,Review,medium,2026-05-18,,61,73,False,
T582,P006,MAX20-0452,Подготовить контур аудита действий для платежей,R027,Глеб Воронцов,In Progress,critical,2026-05-17,,63,74,False,
T583,P006,MAX20-0453,Протестировать ролевую модель доступа для контакт-центра,R028,Диана Галкин,Review,high,2026-05-16,,65,75,False,
T584,P006,MAX20-0454,Интегрировать AI-помощника оператора для операционного офиса,R029,Егор Демина,In Progress,high,2026-05-15,,67,76,False,
T585,P006,MAX20-0455,Документировать модуль согласований для розницы,R030,Инна Еремин,Review,medium,2026-05-14,,69,77,False,
T586,P006,MAX20-0456,Разработать каталог банковских продуктов для МСБ,R031,Лев Жукова,In Progress,critical,2026-05-13,,71,78,False,
T587,P006,MAX20-0457,Настроить шину интеграций для корпоративного блока,R032,Милана Зорин,Review,high,2026-05-12,,73,79,False,
T588,P006,MAX20-0458,Проверить observability платформы для рисков,R033,Петр Исаев,In Progress,high,2026-05-11,,75,80,False,
T589,P006,MAX20-0459,Согласовать контур disaster recovery для платежей,R034,Яна Климова,Review,medium,2026-05-10,,77,81,False,
T590,P006,MAX20-0460,Подготовить контур идентификации клиента для контакт-центра,R035,Артем Ларионов,In Progress,critical,2026-05-09,,79,82,False,
T591,P006,MAX20-0461,Протестировать платежный orchestration layer для операционного офиса,R036,Валерия Медведева,Review,high,2026-05-08,,81,83,False,
T592,P006,MAX20-0462,Интегрировать единый профиль клиента для розницы,R037,Глеб Назаров,In Progress,high,2026-05-07,,83,84,False,
T593,P006,MAX20-0463,Документировать витрину клиентских событий для МСБ,R038,Диана Орлова,Review,medium,2026-05-06,,85,85,False,
T594,P006,MAX20-0464,Разработать онлайн-антифрод для корпоративного блока,R039,Егор Петров,In Progress,critical,2026-05-05,,87,86,False,
T595,P006,MAX20-0465,Настроить кредитный decisioning для рисков,R040,Инна Рябова,Review,high,2026-05-04,,89,87,False,
T596,P006,MAX20-0466,Проверить корпоративный API gateway для платежей,R041,Лев Сафонов,In Progress,high,2026-05-03,,91,88,False,
T597,P006,MAX20-0467,Согласовать модуль лимитов и тарифов для контакт-центра,R042,Милана Тихонова,Review,medium,2026-05-02,,93,89,False,
T598,P006,MAX20-0468,Подготовить операционный мониторинг для операционного офиса,R043,Петр Устинов,In Progress,critical,2026-05-01,,95,90,False,
T599,P006,MAX20-0469,Протестировать сервис уведомлений для розницы,R044,Яна Филатова,Review,high,2026-04-30,,97,91,False,
T600,P006,MAX20-0470,Интегрировать data quality pipeline для МСБ,R045,Артем Аверин,In Progress,high,2026-04-29,,99,92,False,
T601,P006,MAX20-0471,Документировать миграцию legacy-процессов для корпоративного блока,R046,Валерия Басова,Review,medium,2026-04-28,,101,93,False,
T602,P006,MAX20-0472,Разработать контур аудита действий для рисков,R047,Глеб Воронцов,In Progress,critical,2026-04-27,,103,94,False,
T603,P006,MAX20-0473,Настроить ролевую модель доступа для платежей,R048,Диана Галкин,Review,high,2026-04-26,,105,95,False,
T604,P006,MAX20-0474,Проверить AI-помощника оператора для контакт-центра,R049,Егор Демина,In Progress,high,2026-04-25,,107,96,False,
T605,P006,MAX20-0475,Согласовать модуль согласований для операционного офиса,R050,Инна Еремин,Review,medium,2026-04-24,,109,97,False,
T606,P006,MAX20-0476,Подготовить каталог банковских продуктов для розницы,R051,Лев Жукова,In Progress,critical,2026-04-23,,111,98,False,
T607,P006,MAX20-0477,Протестировать шину интеграций для МСБ,R052,Милана Зорин,Review,high,2026-04-22,,113,99,False,
T608,P006,MAX20-0478,Интегрировать observability платформы для корпоративного блока,R053,Петр Исаев,In Progress,high,2026-04-21,,115,100,False,
T609,P006,MAX20-0479,Документировать контур disaster recovery для рисков,R054,Яна Климова,Review,medium,2026-04-20,,117,101,False,
T610,P006,MAX20-0480,Разработать контур идентификации клиента для платежей,R055,Артем Ларионов,In Progress,critical,2026-04-19,,119,102,False,
T611,P006,MAX20-0481,Настроить платежный orchestration layer для контакт-центра,R056,Валерия Медведева,Review,high,2026-04-18,,121,103,False,
T612,P006,MAX20-0482,Проверить единый профиль клиента для операционного офиса,R057,Глеб Назаров,In Progress,high,2026-04-17,,123,104,False,
T613,P006,MAX20-0483,Согласовать витрину клиентских событий для розницы,R058,Диана Орлова,Review,medium,2026-04-16,,125,105,False,
T614,P006,MAX20-0484,Подготовить онлайн-антифрод для МСБ,R059,Егор Петров,In Progress,critical,2026-04-15,,127,106,False,
T615,P006,MAX20-0485,Протестировать кредитный decisioning для корпоративного блока,R060,Инна Рябова,Review,high,2026-04-14,,129,107,False,
T616,P006,MAX20-0486,Интегрировать корпоративный API gateway для рисков,R061,Лев Сафонов,In Progress,high,2026-04-13,,131,108,False,
T617,P006,MAX20-0487,Документировать модуль лимитов и тарифов для платежей,R062,Милана Тихонова,Review,medium,2026-04-12,,133,109,False,
T618,P006,MAX20-0488,Разработать операционный мониторинг для контакт-центра,R063,Петр Устинов,In Progress,critical,2026-04-11,,135,110,False,
T619,P006,MAX20-0489,Настроить сервис уведомлений для операционного офиса,R064,Яна Филатова,Review,high,2026-04-10,,137,111,False,
T620,P006,MAX20-0490,Проверить data quality pipeline для розницы,R065,Артем Аверин,In Progress,high,2026-06-18,,139,112,False,
T621,P006,MAX20-0491,Согласовать миграцию legacy-процессов для МСБ,R066,Валерия Басова,Review,medium,2026-06-17,,141,113,False,
T622,P006,MAX20-0492,Подготовить контур аудита действий для корпоративного блока,R067,Глеб Воронцов,In Progress,critical,2026-06-16,,102,114,False,
T623,P006,MAX20-0493,Протестировать ролевую модель доступа для рисков,R068,Диана Галкин,Review,high,2026-06-15,,104,115,False,
T624,P006,MAX20-0494,Интегрировать AI-помощника оператора для платежей,R069,Егор Демина,In Progress,high,2026-06-14,,106,116,False,
T625,P006,MAX20-0495,Документировать модуль согласований для контакт-центра,R070,Инна Еремин,Review,medium,2026-06-13,,108,117,False,
T626,P006,MAX20-0496,Разработать каталог банковских продуктов для операционного офиса,R071,Лев Жукова,In Progress,critical,2026-06-12,,110,118,False,
T627,P006,MAX20-0497,Настроить шину интеграций для розницы,R072,Милана Зорин,Review,high,2026-06-11,,112,119,False,
T628,P006,MAX20-0498,Проверить observability платформы для МСБ,R073,Петр Исаев,In Progress,high,2026-06-10,,114,120,False,
T629,P006,MAX20-0499,Согласовать контур disaster recovery для корпоративного блока,R074,Яна Климова,Review,medium,2026-06-09,,116,121,False,
T630,P006,MAX20-0500,Подготовить контур идентификации клиента для рисков,R075,Артем Ларионов,In Progress,critical,2026-06-08,,118,122,False,
T631,P006,MAX20-0501,Протестировать платежный orchestration layer для платежей,R076,Валерия Медведева,Done,medium,2026-07-10,2026-06-18,8,9,False,
T632,P006,MAX20-0502,Интегрировать единый профиль клиента для контакт-центра,R077,Глеб Назаров,Done,medium,2026-07-11,2026-06-17,8,10,False,
T633,P006,MAX20-0503,Документировать витрину клиентских событий для операционного офиса,R078,Диана Орлова,Done,low,2026-07-12,2026-06-16,10,11,False,
T634,P006,MAX20-0504,Разработать онлайн-антифрод для розницы,R079,Егор Петров,Done,high,2026-07-13,2026-06-19,12,12,False,
T635,P006,MAX20-0505,Настроить кредитный decisioning для МСБ,R080,Инна Рябова,Done,medium,2026-07-14,2026-06-18,14,13,False,
T636,P006,MAX20-0506,Проверить корпоративный API gateway для корпоративного блока,R081,Лев Сафонов,Done,medium,2026-07-15,2026-06-17,16,14,False,
T637,P006,MAX20-0507,Согласовать модуль лимитов и тарифов для рисков,R082,Милана Тихонова,Done,low,2026-07-16,2026-06-16,18,15,False,
T638,P006,MAX20-0508,Подготовить операционный мониторинг для платежей,R083,Петр Устинов,Done,high,2026-07-17,2026-06-19,20,16,False,
T639,P006,MAX20-0509,Протестировать сервис уведомлений для контакт-центра,R084,Яна Филатова,Done,medium,2026-07-18,2026-06-18,22,17,False,
T640,P006,MAX20-0510,Интегрировать data quality pipeline для операционного офиса,R085,Артем Аверин,Done,medium,2026-07-19,2026-06-17,24,18,False,
T641,P006,MAX20-0511,Документировать миграцию legacy-процессов для розницы,R086,Валерия Басова,Done,low,2026-07-20,2026-06-16,26,19,False,
T642,P006,MAX20-0512,Разработать контур аудита действий для МСБ,R087,Глеб Воронцов,Done,high,2026-07-21,2026-06-19,28,20,False,
T643,P006,MAX20-0513,Настроить ролевую модель доступа для корпоративного блока,R088,Диана Галкин,Done,medium,2026-07-22,2026-06-18,30,21,False,
T644,P006,MAX20-0514,Проверить AI-помощника оператора для рисков,R089,Егор Демина,Done,medium,2026-07-23,2026-06-17,32,22,False,
T645,P006,MAX20-0515,Согласовать модуль согласований для платежей,R090,Инна Еремин,Done,low,2026-07-24,2026-06-16,34,23,False,
T646,P006,MAX20-0516,Подготовить каталог банковских продуктов для контакт-центра,R091,Лев Жукова,Done,high,2026-07-25,2026-06-19,36,24,False,
T647,P006,MAX20-0517,Протестировать шину интеграций для операционного офиса,R092,Милана Зорин,Done,medium,2026-07-26,2026-06-18,38,25,False,
T648,P006,MAX20-0518,Интегрировать observability платформы для розницы,R093,Петр Исаев,Done,medium,2026-07-27,2026-06-17,40,26,False,
T649,P006,MAX20-0519,Документировать контур disaster recovery для МСБ,R094,Яна Климова,Done,low,2026-07-28,2026-06-16,42,27,False,
T650,P006,MAX20-0520,Разработать контур идентификации клиента для корпоративного блока,R095,Артем Ларионов,Done,high,2026-07-29,2026-06-19,44,28,False,
T651,P006,MAX20-0521,Настроить платежный orchestration layer для рисков,R096,Валерия Медведева,Done,medium,2026-07-30,2026-06-18,46,29,False,
T652,P006,MAX20-0522,Проверить единый профиль клиента для платежей,R097,Глеб Назаров,Done,medium,2026-07-31,2026-06-17,48,30,False,
T653,P006,MAX20-0523,Согласовать витрину клиентских событий для контакт-центра,R098,Диана Орлова,Done,low,2026-08-01,2026-06-16,50,31,False,
T654,P006,MAX20-0524,Подготовить онлайн-антифрод для операционного офиса,R099,Егор Петров,Done,high,2026-08-02,2026-06-19,52,32,False,
T655,P006,MAX20-0525,Протестировать кредитный decisioning для розницы,R100,Инна Рябова,Done,medium,2026-08-03,2026-06-18,54,33,False,
T656,P006,MAX20-0526,Интегрировать корпоративный API gateway для МСБ,R101,Лев Сафонов,Done,medium,2026-08-04,2026-06-17,56,34,False,
T657,P006,MAX20-0527,Документировать модуль лимитов и тарифов для корпоративного блока,R102,Милана Тихонова,Done,low,2026-08-05,2026-06-16,58,35,False,
T658,P006,MAX20-0528,Разработать операционный мониторинг для рисков,R103,Петр Устинов,Done,high,2026-08-06,2026-06-19,60,36,False,
T659,P006,MAX20-0529,Настроить сервис уведомлений для платежей,R104,Яна Филатова,Done,medium,2026-08-07,2026-06-18,62,37,False,
T660,P006,MAX20-0530,Проверить data quality pipeline для контакт-центра,R105,Артем Аверин,Done,medium,2026-08-08,2026-06-17,64,38,False,
T661,P006,MAX20-0531,Согласовать миграцию legacy-процессов для операционного офиса,R106,Валерия Басова,Done,low,2026-08-09,2026-06-16,66,39,False,
T662,P006,MAX20-0532,Подготовить контур аудита действий для розницы,R107,Глеб Воронцов,Done,high,2026-08-10,2026-06-19,68,40,False,
T663,P006,MAX20-0533,Протестировать ролевую модель доступа для МСБ,R108,Диана Галкин,Done,medium,2026-08-11,2026-06-18,29,41,False,
T664,P006,MAX20-0534,Интегрировать AI-помощника оператора для корпоративного блока,R109,Егор Демина,Done,medium,2026-08-12,2026-06-17,31,42,False,
T665,P006,MAX20-0535,Документировать модуль согласований для рисков,R110,Инна Еремин,Done,low,2026-08-13,2026-06-16,33,43,False,
T666,P006,MAX20-0536,Разработать каталог банковских продуктов для платежей,R111,Лев Жукова,Done,high,2026-08-14,2026-06-19,35,44,False,
T667,P006,MAX20-0537,Настроить шину интеграций для контакт-центра,R112,Милана Зорин,Done,medium,2026-08-15,2026-06-18,37,45,False,
T668,P006,MAX20-0538,Проверить observability платформы для операционного офиса,R113,Петр Исаев,Done,medium,2026-08-16,2026-06-17,39,46,False,
T669,P006,MAX20-0539,Согласовать контур disaster recovery для розницы,R114,Яна Климова,Done,low,2026-08-17,2026-06-16,41,47,False,
T670,P006,MAX20-0540,Подготовить контур идентификации клиента для МСБ,R025,Артем Аверин,Done,high,2026-08-18,2026-06-19,43,48,False,
T671,P006,MAX20-0541,Протестировать платежный orchestration layer для корпоративного блока,R026,Валерия Басова,Done,medium,2026-08-19,2026-06-18,45,49,False,
T672,P006,MAX20-0542,Интегрировать единый профиль клиента для рисков,R027,Глеб Воронцов,Done,medium,2026-08-20,2026-06-17,47,50,False,
T673,P006,MAX20-0543,Документировать витрину клиентских событий для платежей,R028,Диана Галкин,Done,low,2026-08-21,2026-06-16,49,51,False,
T674,P006,MAX20-0544,Разработать онлайн-антифрод для контакт-центра,R029,Егор Демина,Done,high,2026-08-22,2026-06-19,51,52,False,
T675,P006,MAX20-0545,Настроить кредитный decisioning для операционного офиса,R030,Инна Еремин,Done,medium,2026-08-23,2026-06-18,53,53,False,
T676,P006,MAX20-0546,Проверить корпоративный API gateway для розницы,R031,Лев Жукова,Done,medium,2026-08-24,2026-06-17,55,54,False,
T677,P006,MAX20-0547,Согласовать модуль лимитов и тарифов для МСБ,R032,Милана Зорин,Done,low,2026-08-25,2026-06-16,57,55,False,
T678,P006,MAX20-0548,Подготовить операционный мониторинг для корпоративного блока,R033,Петр Исаев,Done,high,2026-08-26,2026-06-19,59,56,False,
T679,P006,MAX20-0549,Протестировать сервис уведомлений для рисков,R034,Яна Климова,Done,medium,2026-08-27,2026-06-18,61,57,False,
T680,P006,MAX20-0550,Интегрировать data quality pipeline для платежей,R035,Артем Ларионов,Done,medium,2026-08-28,2026-06-17,63,58,False,
T681,P006,MAX20-0551,Документировать миграцию legacy-процессов для контакт-центра,R036,Валерия Медведева,Done,low,2026-08-29,2026-06-16,65,59,False,
T682,P006,MAX20-0552,Разработать контур аудита действий для операционного офиса,R037,Глеб Назаров,Done,high,2026-08-30,2026-06-19,67,60,False,
T683,P006,MAX20-0553,Настроить ролевую модель доступа для розницы,R038,Диана Орлова,Done,medium,2026-08-31,2026-06-18,69,61,False,
T684,P006,MAX20-0554,Проверить AI-помощника оператора для МСБ,R039,Егор Петров,Done,medium,2026-09-01,2026-06-17,71,62,False,
T685,P006,MAX20-0555,Согласовать модуль согласований для корпоративного блока,R040,Инна Рябова,Done,low,2026-09-02,2026-06-16,73,63,False,
T686,P006,MAX20-0556,Подготовить каталог банковских продуктов для рисков,R041,Лев Сафонов,Done,high,2026-09-03,2026-06-19,75,64,False,
T687,P006,MAX20-0557,Протестировать шину интеграций для платежей,R042,Милана Тихонова,Done,medium,2026-09-04,2026-06-18,77,65,False,
T688,P006,MAX20-0558,Интегрировать observability платформы для контакт-центра,R043,Петр Устинов,Done,medium,2026-09-05,2026-06-17,79,66,False,
T689,P006,MAX20-0559,Документировать контур disaster recovery для операционного офиса,R044,Яна Филатова,Done,low,2026-09-06,2026-06-16,81,67,False,
T690,P006,MAX20-0560,Разработать контур идентификации клиента для розницы,R045,Артем Аверин,Done,high,2026-09-07,2026-06-19,83,68,False,
T691,P006,MAX20-0561,Настроить платежный orchestration layer для МСБ,R046,Валерия Басова,Done,medium,2026-09-08,2026-06-18,85,69,False,
T692,P006,MAX20-0562,Проверить единый профиль клиента для корпоративного блока,R047,Глеб Воронцов,Done,medium,2026-09-09,2026-06-17,87,70,False,
T693,P006,MAX20-0563,Согласовать витрину клиентских событий для рисков,R048,Диана Галкин,Done,low,2026-09-10,2026-06-16,89,71,False,
T694,P006,MAX20-0564,Подготовить онлайн-антифрод для платежей,R049,Егор Демина,Done,high,2026-09-11,2026-06-19,91,72,False,
T695,P006,MAX20-0565,Протестировать кредитный decisioning для контакт-центра,R050,Инна Еремин,Done,medium,2026-09-12,2026-06-18,93,73,False,
T696,P006,MAX20-0566,Интегрировать корпоративный API gateway для операционного офиса,R051,Лев Жукова,Done,medium,2026-09-13,2026-06-17,95,74,False,
T697,P006,MAX20-0567,Документировать модуль лимитов и тарифов для розницы,R052,Милана Зорин,Done,low,2026-09-14,2026-06-16,97,75,False,
T698,P006,MAX20-0568,Разработать операционный мониторинг для МСБ,R053,Петр Исаев,Done,high,2026-09-15,2026-06-19,99,76,False,
T699,P006,MAX20-0569,Настроить сервис уведомлений для корпоративного блока,R054,Яна Климова,Done,medium,2026-09-16,2026-06-18,101,77,False,
T700,P006,MAX20-0570,Проверить data quality pipeline для рисков,R055,Артем Ларионов,Done,medium,2026-09-17,2026-06-17,103,78,False,
T701,P006,MAX20-0571,Согласовать миграцию legacy-процессов для платежей,R056,Валерия Медведева,Done,low,2026-09-18,2026-06-16,105,79,False,
T702,P006,MAX20-0572,Подготовить контур аудита действий для контакт-центра,R057,Глеб Назаров,Done,high,2026-09-19,2026-06-19,107,80,False,
T703,P006,MAX20-0573,Протестировать ролевую модель доступа для операционного офиса,R058,Диана Орлова,Done,medium,2026-09-20,2026-06-18,109,81,False,
T704,P006,MAX20-0574,Интегрировать AI-помощника оператора для розницы,R059,Егор Петров,Done,medium,2026-09-21,2026-06-17,70,82,False,
T705,P006,MAX20-0575,Документировать модуль согласований для МСБ,R060,Инна Рябова,Done,low,2026-09-22,2026-06-16,72,83,False,
T706,P006,MAX20-0576,Разработать каталог банковских продуктов для корпоративного блока,R061,Лев Сафонов,Done,high,2026-09-23,2026-06-19,74,84,False,
T707,P006,MAX20-0577,Настроить шину интеграций для рисков,R062,Милана Тихонова,Done,medium,2026-09-24,2026-06-18,76,85,False,
T708,P006,MAX20-0578,Проверить observability платформы для платежей,R063,Петр Устинов,Done,medium,2026-09-25,2026-06-17,78,86,False,
T709,P006,MAX20-0579,Согласовать контур disaster recovery для контакт-центра,R064,Яна Филатова,Done,low,2026-09-26,2026-06-16,80,87,False,
T710,P006,MAX20-0580,Подготовить контур идентификации клиента для операционного офиса,R065,Артем Аверин,Done,high,2026-09-27,2026-06-19,82,88,False,
T711,P006,MAX20-0581,Протестировать платежный orchestration layer для розницы,R066,Валерия Басова,Done,medium,2026-09-28,2026-06-18,84,89,False,
T712,P006,MAX20-0582,Интегрировать единый профиль клиента для МСБ,R067,Глеб Воронцов,Done,medium,2026-09-29,2026-06-17,86,90,False,
T713,P006,MAX20-0583,Документировать витрину клиентских событий для корпоративного блока,R068,Диана Галкин,Done,low,2026-09-30,2026-06-16,88,91,False,
T714,P006,MAX20-0584,Разработать онлайн-антифрод для рисков,R069,Егор Демина,Done,high,2026-10-01,2026-06-19,90,92,False,
T715,P006,MAX20-0585,Настроить кредитный decisioning для платежей,R070,Инна Еремин,Done,medium,2026-10-02,2026-06-18,92,93,False,
T716,P006,MAX20-0586,Проверить корпоративный API gateway для контакт-центра,R071,Лев Жукова,Done,medium,2026-10-03,2026-06-17,94,94,False,
T717,P006,MAX20-0587,Согласовать модуль лимитов и тарифов для операционного офиса,R072,Милана Зорин,Done,low,2026-10-04,2026-06-16,96,95,False,
T718,P006,MAX20-0588,Подготовить операционный мониторинг для розницы,R073,Петр Исаев,Done,high,2026-10-05,2026-06-19,98,96,False,
T719,P006,MAX20-0589,Протестировать сервис уведомлений для МСБ,R074,Яна Климова,Done,medium,2026-10-06,2026-06-18,100,97,False,
T720,P006,MAX20-0590,Интегрировать data quality pipeline для корпоративного блока,R075,Артем Ларионов,Done,medium,2026-10-07,2026-06-17,102,98,False,
T721,P006,MAX20-0591,Документировать миграцию legacy-процессов для рисков,R076,Валерия Медведева,Done,low,2026-10-08,2026-06-16,104,99,False,
T722,P006,MAX20-0592,Разработать контур аудита действий для платежей,R077,Глеб Назаров,Done,high,2026-10-09,2026-06-19,106,100,False,
T723,P006,MAX20-0593,Настроить ролевую модель доступа для контакт-центра,R078,Диана Орлова,Done,medium,2026-10-10,2026-06-18,108,101,False,
T724,P006,MAX20-0594,Проверить AI-помощника оператора для операционного офиса,R079,Егор Петров,Done,medium,2026-10-11,2026-06-17,110,102,False,
T725,P006,MAX20-0595,Согласовать модуль согласований для розницы,R080,Инна Рябова,Done,low,2026-10-12,2026-06-16,112,103,False,
T726,P006,MAX20-0596,Подготовить каталог банковских продуктов для МСБ,R081,Лев Сафонов,Done,high,2026-10-13,2026-06-19,114,104,False,
T727,P006,MAX20-0597,Протестировать шину интеграций для корпоративного блока,R082,Милана Тихонова,Done,medium,2026-10-14,2026-06-18,116,105,False,
T728,P006,MAX20-0598,Интегрировать observability платформы для рисков,R083,Петр Устинов,Done,medium,2026-10-15,2026-06-17,118,106,False,
T729,P006,MAX20-0599,Документировать контур disaster recovery для платежей,R084,Яна Филатова,Done,low,2026-10-16,2026-06-16,120,107,False,
T730,P006,MAX20-0600,Разработать контур идентификации клиента для контакт-центра,R085,Артем Аверин,Done,high,2026-10-17,2026-06-19,22,8,False,
T731,P006,MAX20-0601,Настроить платежный orchestration layer для операционного офиса,R086,Валерия Басова,Done,medium,2026-10-18,2026-06-18,24,9,False,
T732,P006,MAX20-0602,Проверить единый профиль клиента для розницы,R087,Глеб Воронцов,Done,medium,2026-10-19,2026-06-17,26,10,False,
T733,P006,MAX20-0603,Согласовать витрину клиентских событий для МСБ,R088,Диана Галкин,Done,low,2026-10-20,2026-06-16,28,11,False,
T734,P006,MAX20-0604,Подготовить онлайн-антифрод для корпоративного блока,R089,Егор Демина,Done,high,2026-10-21,2026-06-19,30,12,False,
T735,P006,MAX20-0605,Протестировать кредитный decisioning для рисков,R090,Инна Еремин,Done,medium,2026-10-22,2026-06-18,32,13,False,
T736,P006,MAX20-0606,Интегрировать корпоративный API gateway для платежей,R091,Лев Жукова,Done,medium,2026-10-23,2026-06-17,34,14,False,
T737,P006,MAX20-0607,Документировать модуль лимитов и тарифов для контакт-центра,R092,Милана Зорин,Done,low,2026-10-24,2026-06-16,36,15,False,
T738,P006,MAX20-0608,Разработать операционный мониторинг для операционного офиса,R093,Петр Исаев,Done,high,2026-10-25,2026-06-19,38,16,False,
T739,P006,MAX20-0609,Настроить сервис уведомлений для розницы,R094,Яна Климова,Done,medium,2026-10-26,2026-06-18,40,17,False,
T740,P006,MAX20-0610,Проверить data quality pipeline для МСБ,R095,Артем Ларионов,Done,medium,2026-10-27,2026-06-17,42,18,False,
T741,P006,MAX20-0611,Согласовать миграцию legacy-процессов для корпоративного блока,R096,Валерия Медведева,Done,low,2026-10-28,2026-06-16,44,19,False,
T742,P006,MAX20-0612,Подготовить контур аудита действий для рисков,R097,Глеб Назаров,Done,high,2026-10-29,2026-06-19,46,20,False,
T743,P006,MAX20-0613,Протестировать ролевую модель доступа для платежей,R098,Диана Орлова,Done,medium,2026-10-30,2026-06-18,48,21,False,
T744,P006,MAX20-0614,Интегрировать AI-помощника оператора для контакт-центра,R099,Егор Петров,Done,medium,2026-10-31,2026-06-17,50,22,False,
T745,P006,MAX20-0615,Документировать модуль согласований для операционного офиса,R100,Инна Рябова,Done,low,2026-11-01,2026-06-16,11,23,False,
T746,P006,MAX20-0616,Разработать каталог банковских продуктов для розницы,R101,Лев Сафонов,Done,high,2026-11-02,2026-06-19,13,24,False,
T747,P006,MAX20-0617,Настроить шину интеграций для МСБ,R102,Милана Тихонова,Done,medium,2026-11-03,2026-06-18,15,25,False,
T748,P006,MAX20-0618,Проверить observability платформы для корпоративного блока,R103,Петр Устинов,Done,medium,2026-11-04,2026-06-17,17,26,False,
T749,P006,MAX20-0619,Согласовать контур disaster recovery для рисков,R104,Яна Филатова,Done,low,2026-11-05,2026-06-16,19,27,False,
T750,P006,MAX20-0620,Подготовить контур идентификации клиента для платежей,R105,Артем Аверин,Done,high,2026-11-06,2026-06-19,21,28,False,
T751,P006,MAX20-0621,Протестировать платежный orchestration layer для контакт-центра,R106,Валерия Басова,Done,medium,2026-11-07,2026-06-18,23,29,False,
T752,P006,MAX20-0622,Интегрировать единый профиль клиента для операционного офиса,R107,Глеб Воронцов,Done,medium,2026-11-08,2026-06-17,25,30,False,
T753,P006,MAX20-0623,Документировать витрину клиентских событий для розницы,R108,Диана Галкин,Done,low,2026-11-09,2026-06-16,27,31,False,
T754,P006,MAX20-0624,Разработать онлайн-антифрод для МСБ,R109,Егор Демина,Done,high,2026-11-10,2026-06-19,29,32,False,
T755,P006,MAX20-0625,Настроить кредитный decisioning для корпоративного блока,R110,Инна Еремин,Done,medium,2026-11-11,2026-06-18,31,33,False,
T756,P006,MAX20-0626,Проверить корпоративный API gateway для рисков,R111,Лев Жукова,Done,medium,2026-11-12,2026-06-17,33,34,False,
T757,P006,MAX20-0627,Согласовать модуль лимитов и тарифов для платежей,R112,Милана Зорин,Done,low,2026-11-13,2026-06-16,35,35,False,
T758,P006,MAX20-0628,Подготовить операционный мониторинг для контакт-центра,R113,Петр Исаев,Done,high,2026-11-14,2026-06-19,37,36,False,
T759,P006,MAX20-0629,Протестировать сервис уведомлений для операционного офиса,R114,Яна Климова,Done,medium,2026-11-15,2026-06-18,39,37,False,
T760,P006,MAX20-0630,Интегрировать data quality pipeline для розницы,R025,Артем Аверин,Done,medium,2026-11-16,2026-06-17,41,38,False,
T761,P006,MAX20-0631,Документировать миграцию legacy-процессов для МСБ,R026,Валерия Басова,Done,low,2026-11-17,2026-06-16,43,39,False,
T762,P006,MAX20-0632,Разработать контур аудита действий для корпоративного блока,R027,Глеб Воронцов,Done,high,2026-11-18,2026-06-19,45,40,False,
T763,P006,MAX20-0633,Настроить ролевую модель доступа для рисков,R028,Диана Галкин,Done,medium,2026-11-19,2026-06-18,47,41,False,
T764,P006,MAX20-0634,Проверить AI-помощника оператора для платежей,R029,Егор Демина,Done,medium,2026-11-20,2026-06-17,49,42,False,
T765,P006,MAX20-0635,Согласовать модуль согласований для контакт-центра,R030,Инна Еремин,Done,low,2026-11-21,2026-06-16,51,43,False,
T766,P006,MAX20-0636,Подготовить каталог банковских продуктов для операционного офиса,R031,Лев Жукова,Done,high,2026-11-22,2026-06-19,53,44,False,
T767,P006,MAX20-0637,Протестировать шину интеграций для розницы,R032,Милана Зорин,Done,medium,2026-11-23,2026-06-18,55,45,False,
T768,P006,MAX20-0638,Интегрировать observability платформы для МСБ,R033,Петр Исаев,Done,medium,2026-11-24,2026-06-17,57,46,False,
T769,P006,MAX20-0639,Документировать контур disaster recovery для корпоративного блока,R034,Яна Климова,Done,low,2026-11-25,2026-06-16,59,47,False,
T770,P006,MAX20-0640,Разработать контур идентификации клиента для рисков,R035,Артем Ларионов,Done,high,2026-11-26,2026-06-19,61,48,False,
T771,P006,MAX20-0641,Настроить платежный orchestration layer для платежей,R036,Валерия Медведева,Done,medium,2026-11-27,2026-06-18,63,49,False,
T772,P006,MAX20-0642,Проверить единый профиль клиента для контакт-центра,R037,Глеб Назаров,Done,medium,2026-11-28,2026-06-17,65,50,False,
T773,P006,MAX20-0643,Согласовать витрину клиентских событий для операционного офиса,R038,Диана Орлова,Done,low,2026-11-29,2026-06-16,67,51,False,
T774,P006,MAX20-0644,Подготовить онлайн-антифрод для розницы,R039,Егор Петров,Done,high,2026-11-30,2026-06-19,69,52,False,
T775,P006,MAX20-0645,Протестировать кредитный decisioning для МСБ,R040,Инна Рябова,Done,medium,2026-12-01,2026-06-18,71,53,False,
T776,P006,MAX20-0646,Интегрировать корпоративный API gateway для корпоративного блока,R041,Лев Сафонов,Done,medium,2026-12-02,2026-06-17,73,54,False,
T777,P006,MAX20-0647,Документировать модуль лимитов и тарифов для рисков,R042,Милана Тихонова,Done,low,2026-12-03,2026-06-16,75,55,False,
T778,P006,MAX20-0648,Разработать операционный мониторинг для платежей,R043,Петр Устинов,Done,high,2026-12-04,2026-06-19,77,56,False,
T779,P006,MAX20-0649,Настроить сервис уведомлений для контакт-центра,R044,Яна Филатова,Done,medium,2026-12-05,2026-06-18,79,57,False,
T780,P006,MAX20-0650,Проверить data quality pipeline для операционного офиса,R045,Артем Аверин,Done,medium,2026-12-06,2026-06-17,81,58,False,
T781,P006,MAX20-0651,Согласовать миграцию legacy-процессов для розницы,R046,Валерия Басова,Done,low,2026-12-07,2026-06-16,83,59,False,
T782,P006,MAX20-0652,Подготовить контур аудита действий для МСБ,R047,Глеб Воронцов,Done,high,2026-12-08,2026-06-19,85,60,False,
T783,P006,MAX20-0653,Протестировать ролевую модель доступа для корпоративного блока,R048,Диана Галкин,Done,medium,2026-12-09,2026-06-18,87,61,False,
T784,P006,MAX20-0654,Интегрировать AI-помощника оператора для рисков,R049,Егор Демина,Done,medium,2026-12-10,2026-06-17,89,62,False,
T785,P006,MAX20-0655,Документировать модуль согласований для платежей,R050,Инна Еремин,Done,low,2026-12-11,2026-06-16,91,63,False,
T786,P006,MAX20-0656,Разработать каталог банковских продуктов для контакт-центра,R051,Лев Жукова,Done,high,2026-12-12,2026-06-19,52,64,False,
T787,P006,MAX20-0657,Настроить шину интеграций для операционного офиса,R052,Милана Зорин,Done,medium,2026-12-13,2026-06-18,54,65,False,
T788,P006,MAX20-0658,Проверить observability платформы для розницы,R053,Петр Исаев,Done,medium,2026-12-14,2026-06-17,56,66,False,
T789,P006,MAX20-0659,Согласовать контур disaster recovery для МСБ,R054,Яна Климова,Done,low,2026-12-15,2026-06-16,58,67,False,
T790,P006,MAX20-0660,Подготовить контур идентификации клиента для корпоративного блока,R055,Артем Ларионов,Done,high,2026-12-16,2026-06-19,60,68,False,
T791,P006,MAX20-0661,Протестировать платежный orchestration layer для рисков,R056,Валерия Медведева,Done,medium,2026-12-17,2026-06-18,62,69,False,
T792,P006,MAX20-0662,Интегрировать единый профиль клиента для платежей,R057,Глеб Назаров,Done,medium,2026-12-18,2026-06-17,64,70,False,
T793,P006,MAX20-0663,Документировать витрину клиентских событий для контакт-центра,R058,Диана Орлова,Done,low,2026-12-19,2026-06-16,66,71,False,
T794,P006,MAX20-0664,Разработать онлайн-антифрод для операционного офиса,R059,Егор Петров,Done,high,2026-12-20,2026-06-19,68,72,False,
T795,P006,MAX20-0665,Настроить кредитный decisioning для розницы,R060,Инна Рябова,Done,medium,2026-12-21,2026-06-18,70,73,False,
T796,P006,MAX20-0666,Проверить корпоративный API gateway для МСБ,R061,Лев Сафонов,Done,medium,2026-12-22,2026-06-17,72,74,False,
T797,P006,MAX20-0667,Согласовать модуль лимитов и тарифов для корпоративного блока,R062,Милана Тихонова,Done,low,2026-12-23,2026-06-16,74,75,False,
T798,P006,MAX20-0668,Подготовить операционный мониторинг для рисков,R063,Петр Устинов,Done,high,2026-12-24,2026-06-19,76,76,False,
T799,P006,MAX20-0669,Протестировать сервис уведомлений для платежей,R064,Яна Филатова,Done,medium,2026-12-25,2026-06-18,78,77,False,
T800,P006,MAX20-0670,Интегрировать data quality pipeline для контакт-центра,R065,Артем Аверин,Done,medium,2026-12-26,2026-06-17,80,78,False,
T801,P006,MAX20-0671,Документировать миграцию legacy-процессов для операционного офиса,R066,Валерия Басова,Done,low,2026-12-27,2026-06-16,82,79,False,
T802,P006,MAX20-0672,Разработать контур аудита действий для розницы,R067,Глеб Воронцов,Done,high,2026-12-28,2026-06-19,84,80,False,
T803,P006,MAX20-0673,Настроить ролевую модель доступа для МСБ,R068,Диана Галкин,Done,medium,2026-12-29,2026-06-18,86,81,False,
T804,P006,MAX20-0674,Проверить AI-помощника оператора для корпоративного блока,R069,Егор Демина,Done,medium,2026-12-30,2026-06-17,88,82,False,
T805,P006,MAX20-0675,Согласовать модуль согласований для рисков,R070,Инна Еремин,Done,low,2026-12-31,2026-06-16,90,83,False,
T806,P006,MAX20-0676,Подготовить каталог банковских продуктов для платежей,R071,Лев Жукова,Done,high,2027-01-01,2026-06-19,92,84,False,
T807,P006,MAX20-0677,Протестировать шину интеграций для контакт-центра,R072,Милана Зорин,Done,medium,2027-01-02,2026-06-18,94,85,False,
T808,P006,MAX20-0678,Интегрировать observability платформы для операционного офиса,R073,Петр Исаев,Done,medium,2027-01-03,2026-06-17,96,86,False,
T809,P006,MAX20-0679,Документировать контур disaster recovery для розницы,R074,Яна Климова,Done,low,2027-01-04,2026-06-16,98,87,False,
T810,P006,MAX20-0680,Разработать контур идентификации клиента для МСБ,R075,Артем Ларионов,Done,high,2027-01-05,2026-06-19,100,88,False,
T811,P006,MAX20-0681,Настроить платежный orchestration layer для корпоративного блока,R076,Валерия Медведева,Done,medium,2027-01-06,2026-06-18,102,89,False,
T812,P006,MAX20-0682,Проверить единый профиль клиента для рисков,R077,Глеб Назаров,Done,medium,2027-01-07,2026-06-17,104,90,False,
T813,P006,MAX20-0683,Согласовать витрину клиентских событий для платежей,R078,Диана Орлова,Done,low,2027-01-08,2026-06-16,106,91,False,
T814,P006,MAX20-0684,Подготовить онлайн-антифрод для контакт-центра,R079,Егор Петров,Done,high,2027-01-09,2026-06-19,108,92,False,
T815,P006,MAX20-0685,Протестировать кредитный decisioning для операционного офиса,R080,Инна Рябова,Done,medium,2027-01-10,2026-06-18,110,93,False,
T816,P006,MAX20-0686,Интегрировать корпоративный API gateway для розницы,R081,Лев Сафонов,Done,medium,2027-01-11,2026-06-17,112,94,False,
T817,P006,MAX20-0687,Документировать модуль лимитов и тарифов для МСБ,R082,Милана Тихонова,Done,low,2027-01-12,2026-06-16,114,95,False,
T818,P006,MAX20-0688,Разработать операционный мониторинг для корпоративного блока,R083,Петр Устинов,Done,high,2027-01-13,2026-06-19,116,96,False,
T819,P006,MAX20-0689,Настроить сервис уведомлений для рисков,R084,Яна Филатова,Done,medium,2027-01-14,2026-06-18,118,97,False,
T820,P006,MAX20-0690,Проверить data quality pipeline для платежей,R085,Артем Аверин,Done,medium,2026-05-30,2026-06-05,120,98,False,
T821,P006,MAX20-0691,Согласовать миграцию legacy-процессов для контакт-центра,R086,Валерия Басова,Done,low,2026-05-31,2026-06-07,122,99,False,
T822,P006,MAX20-0692,Подготовить контур аудита действий для операционного офиса,R087,Глеб Воронцов,Done,high,2026-06-01,2026-06-09,124,100,False,
T823,P006,MAX20-0693,Протестировать ролевую модель доступа для розницы,R088,Диана Галкин,Done,medium,2026-06-02,2026-06-11,126,101,False,
T824,P006,MAX20-0694,Интегрировать AI-помощника оператора для МСБ,R089,Егор Демина,Done,medium,2026-06-03,2026-06-13,128,102,False,
T825,P006,MAX20-0695,Документировать модуль согласований для корпоративного блока,R090,Инна Еремин,Done,low,2026-06-04,2026-06-15,130,103,False,
T826,P006,MAX20-0696,Разработать каталог банковских продуктов для рисков,R091,Лев Жукова,Done,high,2026-06-05,2026-06-17,132,104,False,
T827,P006,MAX20-0697,Настроить шину интеграций для платежей,R092,Милана Зорин,Done,medium,2026-06-06,2026-06-02,93,105,False,
T828,P006,MAX20-0698,Проверить observability платформы для контакт-центра,R093,Петр Исаев,Done,medium,2026-06-07,2026-06-04,95,106,False,
T829,P006,MAX20-0699,Согласовать контур disaster recovery для операционного офиса,R094,Яна Климова,Done,low,2026-06-08,2026-06-06,97,107,False,
T830,P006,MAX20-0700,Подготовить контур идентификации клиента для розницы,R095,Артем Ларионов,Done,high,2026-06-09,2026-06-08,8,8,False,
T831,P006,MAX20-0701,Протестировать платежный orchestration layer для МСБ,R096,Валерия Медведева,Done,medium,2026-06-10,2026-06-10,8,9,False,
T832,P006,MAX20-0702,Интегрировать единый профиль клиента для корпоративного блока,R097,Глеб Назаров,Done,medium,2026-06-11,2026-06-12,8,10,False,
T833,P006,MAX20-0703,Документировать витрину клиентских событий для рисков,R098,Диана Орлова,Done,low,2026-06-12,2026-06-14,8,11,False,
T834,P006,MAX20-0704,Разработать онлайн-антифрод для платежей,R099,Егор Петров,Done,high,2026-06-13,2026-06-16,8,12,False,
T835,P006,MAX20-0705,Настроить кредитный decisioning для контакт-центра,R100,Инна Рябова,Done,medium,2026-06-14,2026-06-18,9,13,False,
T836,P006,MAX20-0706,Проверить корпоративный API gateway для операционного офиса,R101,Лев Сафонов,Done,medium,2026-06-15,2026-06-17,11,14,False,
T837,P006,MAX20-0707,Согласовать модуль лимитов и тарифов для розницы,R102,Милана Тихонова,Done,low,2026-06-16,2026-06-16,13,15,False,
T838,P006,MAX20-0708,Подготовить операционный мониторинг для МСБ,R103,Петр Устинов,Done,high,2026-06-17,2026-06-19,15,16,False,
T839,P006,MAX20-0709,Протестировать сервис уведомлений для корпоративного блока,R104,Яна Филатова,Done,medium,2026-06-18,2026-06-18,17,17,False,
T840,P006,MAX20-0710,Интегрировать data quality pipeline для рисков,R105,Артем Аверин,Done,medium,2026-06-19,2026-06-17,19,18,False,
T841,P006,MAX20-0711,Документировать миграцию legacy-процессов для платежей,R106,Валерия Басова,Done,low,2026-06-20,2026-06-16,21,19,False,
T842,P006,MAX20-0712,Разработать контур аудита действий для контакт-центра,R107,Глеб Воронцов,Done,high,2026-06-21,2026-06-19,23,20,False,
T843,P006,MAX20-0713,Настроить ролевую модель доступа для операционного офиса,R108,Диана Галкин,Done,medium,2026-06-22,2026-06-18,25,21,False,
T844,P006,MAX20-0714,Проверить AI-помощника оператора для розницы,R109,Егор Демина,Done,medium,2026-06-23,2026-06-19,27,22,False,
T845,P006,MAX20-0715,Согласовать модуль согласований для МСБ,R110,Инна Еремин,Done,low,2026-06-24,2026-06-16,29,23,False,
T846,P006,MAX20-0716,Подготовить каталог банковских продуктов для корпоративного блока,R111,Лев Жукова,Done,high,2026-06-25,2026-06-19,31,24,False,
T847,P006,MAX20-0717,Протестировать шину интеграций для рисков,R112,Милана Зорин,Done,medium,2026-06-26,2026-06-18,33,25,False,
T848,P006,MAX20-0718,Интегрировать observability платформы для платежей,R113,Петр Исаев,Done,medium,2026-06-27,2026-06-17,35,26,False,
T849,P006,MAX20-0719,Документировать контур disaster recovery для контакт-центра,R114,Яна Климова,Done,low,2026-06-28,2026-06-16,37,27,False,
T850,P006,MAX20-0720,Разработать контур идентификации клиента для операционного офиса,R025,Артем Аверин,Done,high,2026-06-29,2026-06-19,39,28,False,
T851,P006,MAX20-0721,Настроить платежный orchestration layer для розницы,R026,Валерия Басова,Done,medium,2026-06-30,2026-06-18,41,29,False,
T852,P006,MAX20-0722,Проверить единый профиль клиента для МСБ,R027,Глеб Воронцов,Done,medium,2026-07-01,2026-06-17,43,30,False,
T853,P006,MAX20-0723,Согласовать витрину клиентских событий для корпоративного блока,R028,Диана Галкин,Done,low,2026-07-02,2026-06-16,45,31,False,
T854,P006,MAX20-0724,Подготовить онлайн-антифрод для рисков,R029,Егор Демина,Done,high,2026-07-03,2026-06-19,47,32,False,
T855,P006,MAX20-0725,Протестировать кредитный decisioning для платежей,R030,Инна Еремин,Done,medium,2026-07-04,2026-06-18,49,33,False,
T856,P006,MAX20-0726,Интегрировать корпоративный API gateway для контакт-центра,R031,Лев Жукова,Done,medium,2026-07-05,2026-06-17,51,34,False,
T857,P006,MAX20-0727,Документировать модуль лимитов и тарифов для операционного офиса,R032,Милана Зорин,Done,low,2026-07-06,2026-06-16,53,35,False,
T858,P006,MAX20-0728,Разработать операционный мониторинг для розницы,R033,Петр Исаев,Done,high,2026-07-07,2026-06-19,55,36,False,
T859,P006,MAX20-0729,Настроить сервис уведомлений для МСБ,R034,Яна Климова,Done,medium,2026-07-08,2026-06-18,57,37,False,
T860,P006,MAX20-0730,Проверить data quality pipeline для корпоративного блока,R035,Артем Ларионов,Done,medium,2026-07-09,2026-06-17,59,38,False,
T861,P006,MAX20-0731,Согласовать миграцию legacy-процессов для рисков,R036,Валерия Медведева,Done,low,2026-07-10,2026-06-16,61,39,False,
T862,P006,MAX20-0732,Подготовить контур аудита действий для платежей,R037,Глеб Назаров,Done,high,2026-07-11,2026-06-19,63,40,False,
T863,P006,MAX20-0733,Протестировать ролевую модель доступа для контакт-центра,R038,Диана Орлова,Done,medium,2026-07-12,2026-06-18,65,41,False,
T864,P006,MAX20-0734,Интегрировать AI-помощника оператора для операционного офиса,R039,Егор Петров,Done,medium,2026-07-13,2026-06-17,67,42,False,
T865,P006,MAX20-0735,Документировать модуль согласований для розницы,R040,Инна Рябова,Done,low,2026-07-14,2026-06-16,69,43,False,
T866,P006,MAX20-0736,Разработать каталог банковских продуктов для МСБ,R041,Лев Сафонов,Done,high,2026-07-15,2026-06-19,71,44,False,
T867,P006,MAX20-0737,Настроить шину интеграций для корпоративного блока,R042,Милана Тихонова,Done,medium,2026-07-16,2026-06-18,73,45,False,
T868,P006,MAX20-0738,Проверить observability платформы для рисков,R043,Петр Устинов,Done,medium,2026-07-17,2026-06-17,34,46,False,
T869,P006,MAX20-0739,Согласовать контур disaster recovery для платежей,R044,Яна Филатова,Done,low,2026-07-18,2026-06-16,36,47,False,
T870,P006,MAX20-0740,Подготовить контур идентификации клиента для контакт-центра,R045,Артем Аверин,Done,high,2026-07-19,2026-06-19,38,48,False,
T871,P006,MAX20-0741,Протестировать платежный orchestration layer для операционного офиса,R046,Валерия Басова,Done,medium,2026-07-20,2026-06-18,40,49,False,
T872,P006,MAX20-0742,Интегрировать единый профиль клиента для розницы,R047,Глеб Воронцов,Done,medium,2026-07-21,2026-06-17,42,50,False,
T873,P006,MAX20-0743,Документировать витрину клиентских событий для МСБ,R048,Диана Галкин,Done,low,2026-07-22,2026-06-16,44,51,False,
T874,P006,MAX20-0744,Разработать онлайн-антифрод для корпоративного блока,R049,Егор Демина,Done,high,2026-07-23,2026-06-19,46,52,False,
T875,P006,MAX20-0745,Настроить кредитный decisioning для рисков,R050,Инна Еремин,Done,medium,2026-07-24,2026-06-18,48,53,False,
T876,P006,MAX20-0746,Проверить корпоративный API gateway для платежей,R051,Лев Жукова,Done,medium,2026-07-25,2026-06-17,50,54,False,
T877,P006,MAX20-0747,Согласовать модуль лимитов и тарифов для контакт-центра,R052,Милана Зорин,Done,low,2026-07-26,2026-06-16,52,55,False,
T878,P006,MAX20-0748,Подготовить операционный мониторинг для операционного офиса,R053,Петр Исаев,Done,high,2026-07-27,2026-06-19,54,56,False,
T879,P006,MAX20-0749,Протестировать сервис уведомлений для розницы,R054,Яна Климова,Done,medium,2026-07-28,2026-06-18,56,57,False,
T880,P006,MAX20-0750,Интегрировать data quality pipeline для МСБ,R055,Артем Ларионов,Done,medium,2026-07-29,2026-06-17,58,58,False,
T881,P006,MAX20-0751,Документировать миграцию legacy-процессов для корпоративного блока,R056,Валерия Медведева,Done,low,2026-07-30,2026-06-16,60,59,False,
T882,P006,MAX20-0752,Разработать контур аудита действий для рисков,R057,Глеб Назаров,Done,high,2026-07-31,2026-06-19,62,60,False,
T883,P006,MAX20-0753,Настроить ролевую модель доступа для платежей,R058,Диана Орлова,Done,medium,2026-08-01,2026-06-18,64,61,False,
T884,P006,MAX20-0754,Проверить AI-помощника оператора для контакт-центра,R059,Егор Петров,Done,medium,2026-08-02,2026-06-17,66,62,False,
T885,P006,MAX20-0755,Согласовать модуль согласований для операционного офиса,R060,Инна Рябова,Done,low,2026-08-03,2026-06-16,68,63,False,
T886,P006,MAX20-0756,Подготовить каталог банковских продуктов для розницы,R061,Лев Сафонов,Done,high,2026-08-04,2026-06-19,70,64,False,
T887,P006,MAX20-0757,Протестировать шину интеграций для МСБ,R062,Милана Тихонова,Done,medium,2026-08-05,2026-06-18,72,65,False,
T888,P006,MAX20-0758,Интегрировать observability платформы для корпоративного блока,R063,Петр Устинов,Done,medium,2026-08-06,2026-06-17,74,66,False,
T889,P006,MAX20-0759,Документировать контур disaster recovery для рисков,R064,Яна Филатова,Done,low,2026-08-07,2026-06-16,76,67,False,
T890,P006,MAX20-0760,Разработать контур идентификации клиента для платежей,R065,Артем Аверин,Done,high,2026-08-08,2026-06-19,78,68,False,
T891,P006,MAX20-0761,Настроить платежный orchestration layer для контакт-центра,R066,Валерия Басова,Done,medium,2026-08-09,2026-06-18,80,69,False,
T892,P006,MAX20-0762,Проверить единый профиль клиента для операционного офиса,R067,Глеб Воронцов,Done,medium,2026-08-10,2026-06-17,82,70,False,
T893,P006,MAX20-0763,Согласовать витрину клиентских событий для розницы,R068,Диана Галкин,Done,low,2026-08-11,2026-06-16,84,71,False,
T894,P006,MAX20-0764,Подготовить онлайн-антифрод для МСБ,R069,Егор Демина,Done,high,2026-08-12,2026-06-19,86,72,False,
T895,P006,MAX20-0765,Протестировать кредитный decisioning для корпоративного блока,R070,Инна Еремин,Done,medium,2026-08-13,2026-06-18,88,73,False,
T896,P006,MAX20-0766,Интегрировать корпоративный API gateway для рисков,R071,Лев Жукова,Done,medium,2026-08-14,2026-06-17,90,74,False,
T897,P006,MAX20-0767,Документировать модуль лимитов и тарифов для платежей,R072,Милана Зорин,Done,low,2026-08-15,2026-06-16,92,75,False,
T898,P006,MAX20-0768,Разработать операционный мониторинг для контакт-центра,R073,Петр Исаев,Done,high,2026-08-16,2026-06-19,94,76,False,
T899,P006,MAX20-0769,Настроить сервис уведомлений для операционного офиса,R074,Яна Климова,Done,medium,2026-08-17,2026-06-18,96,77,False,
T900,P006,MAX20-0770,Проверить data quality pipeline для розницы,R075,Артем Ларионов,Done,medium,2026-08-18,2026-06-17,98,78,False,
T901,P006,MAX20-0771,Согласовать миграцию legacy-процессов для МСБ,R076,Валерия Медведева,Done,low,2026-08-19,2026-06-16,100,79,False,
T902,P006,MAX20-0772,Подготовить контур аудита действий для корпоративного блока,R077,Глеб Назаров,Done,high,2026-08-20,2026-06-19,102,80,False,
T903,P006,MAX20-0773,Протестировать ролевую модель доступа для рисков,R078,Диана Орлова,Done,medium,2026-08-21,2026-06-18,104,81,False,
T904,P006,MAX20-0774,Интегрировать AI-помощника оператора для платежей,R079,Егор Петров,Done,medium,2026-08-22,2026-06-17,106,82,False,
T905,P006,MAX20-0775,Документировать модуль согласований для контакт-центра,R080,Инна Рябова,Done,low,2026-08-23,2026-06-16,108,83,False,
T906,P006,MAX20-0776,Разработать каталог банковских продуктов для операционного офиса,R081,Лев Сафонов,Done,high,2026-08-24,2026-06-19,110,84,False,
T907,P006,MAX20-0777,Настроить шину интеграций для розницы,R082,Милана Тихонова,Done,medium,2026-08-25,2026-06-18,112,85,False,
T908,P006,MAX20-0778,Проверить observability платформы для МСБ,R083,Петр Устинов,Done,medium,2026-08-26,2026-06-17,114,86,False,
T909,P006,MAX20-0779,Согласовать контур disaster recovery для корпоративного блока,R084,Яна Филатова,Done,low,2026-08-27,2026-06-16,75,87,False,
T910,P006,MAX20-0780,Подготовить контур идентификации клиента для рисков,R085,Артем Аверин,Done,high,2026-08-28,2026-06-19,77,88,False,
T911,P006,MAX20-0781,Протестировать платежный orchestration layer для платежей,R086,Валерия Басова,Done,medium,2026-08-29,2026-06-18,79,89,False,
T912,P006,MAX20-0782,Интегрировать единый профиль клиента для контакт-центра,R087,Глеб Воронцов,Done,medium,2026-08-30,2026-06-17,81,90,False,
T913,P006,MAX20-0783,Документировать витрину клиентских событий для операционного офиса,R088,Диана Галкин,Done,low,2026-08-31,2026-06-16,83,91,False,
T914,P006,MAX20-0784,Разработать онлайн-антифрод для розницы,R089,Егор Демина,Done,high,2026-09-01,2026-06-19,85,92,False,
T915,P006,MAX20-0785,Настроить кредитный decisioning для МСБ,R090,Инна Еремин,Done,medium,2026-09-02,2026-06-18,87,93,False,
T916,P006,MAX20-0786,Проверить корпоративный API gateway для корпоративного блока,R091,Лев Жукова,Done,medium,2026-09-03,2026-06-17,89,94,False,
T917,P006,MAX20-0787,Согласовать модуль лимитов и тарифов для рисков,R092,Милана Зорин,Done,low,2026-09-04,2026-06-16,91,95,False,
T918,P006,MAX20-0788,Подготовить операционный мониторинг для платежей,R093,Петр Исаев,Done,high,2026-09-05,2026-06-19,93,96,False,
T919,P006,MAX20-0789,Протестировать сервис уведомлений для контакт-центра,R094,Яна Климова,Done,medium,2026-09-06,2026-06-18,95,97,False,
T920,P006,MAX20-0790,Интегрировать data quality pipeline для операционного офиса,R095,Артем Ларионов,Done,medium,2026-09-07,2026-06-17,97,98,False,
T921,P006,MAX20-0791,Документировать миграцию legacy-процессов для розницы,R096,Валерия Медведева,Done,low,2026-09-08,2026-06-16,99,99,False,
T922,P006,MAX20-0792,Разработать контур аудита действий для МСБ,R097,Глеб Назаров,Done,high,2026-09-09,2026-06-19,101,100,False,
T923,P006,MAX20-0793,Настроить ролевую модель доступа для корпоративного блока,R098,Диана Орлова,Done,medium,2026-09-10,2026-06-18,103,101,False,
T924,P006,MAX20-0794,Проверить AI-помощника оператора для рисков,R099,Егор Петров,Done,medium,2026-09-11,2026-06-17,105,102,False,
T925,P006,MAX20-0795,Согласовать модуль согласований для платежей,R100,Инна Рябова,Done,low,2026-09-12,2026-06-16,107,103,False,
T926,P006,MAX20-0796,Подготовить каталог банковских продуктов для контакт-центра,R101,Лев Сафонов,Done,high,2026-09-13,2026-06-19,109,104,False,
T927,P006,MAX20-0797,Протестировать шину интеграций для операционного офиса,R102,Милана Тихонова,Done,medium,2026-09-14,2026-06-18,111,105,False,
T928,P006,MAX20-0798,Интегрировать observability платформы для розницы,R103,Петр Устинов,Done,medium,2026-09-15,2026-06-17,113,106,False,
T929,P006,MAX20-0799,Документировать контур disaster recovery для МСБ,R104,Яна Филатова,Done,low,2026-09-16,2026-06-16,115,107,False,
T930,P006,MAX20-0800,Разработать контур идентификации клиента для корпоративного блока,R105,Артем Аверин,Done,high,2026-09-17,2026-06-19,17,8,False,
T931,P006,MAX20-0801,Настроить платежный orchestration layer для рисков,R106,Валерия Басова,Done,medium,2026-09-18,2026-06-18,19,9,False,
T932,P006,MAX20-0802,Проверить единый профиль клиента для платежей,R107,Глеб Воронцов,Done,medium,2026-09-19,2026-06-17,21,10,False,
T933,P006,MAX20-0803,Согласовать витрину клиентских событий для контакт-центра,R108,Диана Галкин,Done,low,2026-09-20,2026-06-16,23,11,False,
T934,P006,MAX20-0804,Подготовить онлайн-антифрод для операционного офиса,R109,Егор Демина,Done,high,2026-09-21,2026-06-19,25,12,False,
T935,P006,MAX20-0805,Протестировать кредитный decisioning для розницы,R110,Инна Еремин,Done,medium,2026-09-22,2026-06-18,27,13,False,
T936,P006,MAX20-0806,Интегрировать корпоративный API gateway для МСБ,R111,Лев Жукова,Done,medium,2026-09-23,2026-06-17,29,14,False,
T937,P006,MAX20-0807,Документировать модуль лимитов и тарифов для корпоративного блока,R112,Милана Зорин,Done,low,2026-09-24,2026-06-16,31,15,False,
T938,P006,MAX20-0808,Разработать операционный мониторинг для рисков,R113,Петр Исаев,Done,high,2026-09-25,2026-06-19,33,16,False,
T939,P006,MAX20-0809,Настроить сервис уведомлений для платежей,R114,Яна Климова,Done,medium,2026-09-26,2026-06-18,35,17,False,
T940,P006,MAX20-0810,Проверить data quality pipeline для контакт-центра,R025,Артем Аверин,Done,medium,2026-09-27,2026-06-17,37,18,False,
T941,P006,MAX20-0811,Согласовать миграцию legacy-процессов для операционного офиса,R026,Валерия Басова,Done,low,2026-09-28,2026-06-16,39,19,False,
T942,P006,MAX20-0812,Подготовить контур аудита действий для розницы,R027,Глеб Воронцов,Done,high,2026-09-29,2026-06-19,41,20,False,
T943,P006,MAX20-0813,Протестировать ролевую модель доступа для МСБ,R028,Диана Галкин,Done,medium,2026-09-30,2026-06-18,43,21,False,
T944,P006,MAX20-0814,Интегрировать AI-помощника оператора для корпоративного блока,R029,Егор Демина,Done,medium,2026-10-01,2026-06-17,45,22,False,
T945,P006,MAX20-0815,Документировать модуль согласований для рисков,R030,Инна Еремин,Done,low,2026-10-02,2026-06-16,47,23,False,
T946,P006,MAX20-0816,Разработать каталог банковских продуктов для платежей,R031,Лев Жукова,Done,high,2026-10-03,2026-06-19,49,24,False,
T947,P006,MAX20-0817,Настроить шину интеграций для контакт-центра,R032,Милана Зорин,Done,medium,2026-10-04,2026-06-18,51,25,False,
T948,P006,MAX20-0818,Проверить observability платформы для операционного офиса,R033,Петр Исаев,Done,medium,2026-10-05,2026-06-17,53,26,False,
T949,P006,MAX20-0819,Согласовать контур disaster recovery для розницы,R034,Яна Климова,Done,low,2026-10-06,2026-06-16,55,27,False,
T950,P006,MAX20-0820,Подготовить контур идентификации клиента для МСБ,R035,Артем Ларионов,Done,high,2026-10-07,2026-06-19,16,28,False,
T951,P006,MAX20-0821,Протестировать платежный orchestration layer для корпоративного блока,R036,Валерия Медведева,Done,medium,2026-10-08,2026-06-18,18,29,False,
T952,P006,MAX20-0822,Интегрировать единый профиль клиента для рисков,R037,Глеб Назаров,Done,medium,2026-10-09,2026-06-17,20,30,False,
T953,P006,MAX20-0823,Документировать витрину клиентских событий для платежей,R038,Диана Орлова,Done,low,2026-10-10,2026-06-16,22,31,False,
T954,P006,MAX20-0824,Разработать онлайн-антифрод для контакт-центра,R039,Егор Петров,Done,high,2026-10-11,2026-06-19,24,32,False,
T955,P006,MAX20-0825,Настроить кредитный decisioning для операционного офиса,R040,Инна Рябова,Done,medium,2026-10-12,2026-06-18,26,33,False,
T956,P006,MAX20-0826,Проверить корпоративный API gateway для розницы,R041,Лев Сафонов,Done,medium,2026-10-13,2026-06-17,28,34,False,
T957,P006,MAX20-0827,Согласовать модуль лимитов и тарифов для МСБ,R042,Милана Тихонова,Done,low,2026-10-14,2026-06-16,30,35,False,
T958,P006,MAX20-0828,Подготовить операционный мониторинг для корпоративного блока,R043,Петр Устинов,Done,high,2026-10-15,2026-06-19,32,36,False,
T959,P006,MAX20-0829,Протестировать сервис уведомлений для рисков,R044,Яна Филатова,Done,medium,2026-10-16,2026-06-18,34,37,False,
T960,P006,MAX20-0830,Интегрировать data quality pipeline для платежей,R045,Артем Аверин,Done,medium,2026-10-17,2026-06-17,36,38,False,
T961,P006,MAX20-0831,Документировать миграцию legacy-процессов для контакт-центра,R046,Валерия Басова,Done,low,2026-10-18,2026-06-16,38,39,False,
T962,P006,MAX20-0832,Разработать контур аудита действий для операционного офиса,R047,Глеб Воронцов,Done,high,2026-10-19,2026-06-19,40,40,False,
T963,P006,MAX20-0833,Настроить ролевую модель доступа для розницы,R048,Диана Галкин,Done,medium,2026-10-20,2026-06-18,42,41,False,
T964,P006,MAX20-0834,Проверить AI-помощника оператора для МСБ,R049,Егор Демина,Done,medium,2026-10-21,2026-06-17,44,42,False,
T965,P006,MAX20-0835,Согласовать модуль согласований для корпоративного блока,R050,Инна Еремин,Done,low,2026-10-22,2026-06-16,46,43,False,
T966,P006,MAX20-0836,Подготовить каталог банковских продуктов для рисков,R051,Лев Жукова,Done,high,2026-10-23,2026-06-19,48,44,False,
T967,P006,MAX20-0837,Протестировать шину интеграций для платежей,R052,Милана Зорин,Done,medium,2026-10-24,2026-06-18,50,45,False,
T968,P006,MAX20-0838,Интегрировать observability платформы для контакт-центра,R053,Петр Исаев,Done,medium,2026-10-25,2026-06-17,52,46,False,
T969,P006,MAX20-0839,Документировать контур disaster recovery для операционного офиса,R054,Яна Климова,Done,low,2026-10-26,2026-06-16,54,47,False,
T970,P006,MAX20-0840,Разработать контур идентификации клиента для розницы,R055,Артем Ларионов,Done,high,2026-10-27,2026-06-19,56,48,False,
T971,P006,MAX20-0841,Настроить платежный orchestration layer для МСБ,R056,Валерия Медведева,Done,medium,2026-10-28,2026-06-18,58,49,False,
T972,P006,MAX20-0842,Проверить единый профиль клиента для корпоративного блока,R057,Глеб Назаров,Done,medium,2026-10-29,2026-06-17,60,50,False,
T973,P006,MAX20-0843,Согласовать витрину клиентских событий для рисков,R058,Диана Орлова,Done,low,2026-10-30,2026-06-16,62,51,False,
T974,P006,MAX20-0844,Подготовить онлайн-антифрод для платежей,R059,Егор Петров,Done,high,2026-10-31,2026-06-19,64,52,False,
T975,P006,MAX20-0845,Протестировать кредитный decisioning для контакт-центра,R060,Инна Рябова,Done,medium,2026-11-01,2026-06-18,66,53,False,
T976,P006,MAX20-0846,Интегрировать корпоративный API gateway для операционного офиса,R061,Лев Сафонов,Done,medium,2026-11-02,2026-06-17,68,54,False,
T977,P006,MAX20-0847,Документировать модуль лимитов и тарифов для розницы,R062,Милана Тихонова,Done,low,2026-11-03,2026-06-16,70,55,False,
T978,P006,MAX20-0848,Разработать операционный мониторинг для МСБ,R063,Петр Устинов,Done,high,2026-11-04,2026-06-19,72,56,False,
T979,P006,MAX20-0849,Настроить сервис уведомлений для корпоративного блока,R064,Яна Филатова,Done,medium,2026-11-05,2026-06-18,74,57,False,
T980,P006,MAX20-0850,Проверить data quality pipeline для рисков,R065,Артем Аверин,Done,medium,2026-11-06,2026-06-17,76,58,False,
T981,P006,MAX20-0851,Согласовать миграцию legacy-процессов для платежей,R066,Валерия Басова,Done,low,2026-11-07,2026-06-16,78,59,False,
T982,P006,MAX20-0852,Подготовить контур аудита действий для контакт-центра,R067,Глеб Воронцов,Done,high,2026-11-08,2026-06-19,80,60,False,
T983,P006,MAX20-0853,Протестировать ролевую модель доступа для операционного офиса,R068,Диана Галкин,Done,medium,2026-11-09,2026-06-18,82,61,False,
T984,P006,MAX20-0854,Интегрировать AI-помощника оператора для розницы,R069,Егор Демина,Done,medium,2026-11-10,2026-06-17,84,62,False,
T985,P006,MAX20-0855,Документировать модуль согласований для МСБ,R070,Инна Еремин,Done,low,2026-11-11,2026-06-16,86,63,False,
T986,P006,MAX20-0856,Разработать каталог банковских продуктов для корпоративного блока,R071,Лев Жукова,Done,high,2026-11-12,2026-06-19,88,64,False,
T987,P006,MAX20-0857,Настроить шину интеграций для рисков,R072,Милана Зорин,Done,medium,2026-11-13,2026-06-18,90,65,False,
T988,P006,MAX20-0858,Проверить observability платформы для платежей,R073,Петр Исаев,Done,medium,2026-11-14,2026-06-17,92,66,False,
T989,P006,MAX20-0859,Согласовать контур disaster recovery для контакт-центра,R074,Яна Климова,Done,low,2026-11-15,2026-06-16,94,67,False,
T990,P006,MAX20-0860,Подготовить контур идентификации клиента для операционного офиса,R075,Артем Ларионов,Done,high,2026-11-16,2026-06-19,96,68,False,
T991,P006,MAX20-0861,Протестировать платежный orchestration layer для розницы,R076,Валерия Медведева,Done,medium,2026-11-17,2026-06-18,57,69,False,
T992,P006,MAX20-0862,Интегрировать единый профиль клиента для МСБ,R077,Глеб Назаров,Done,medium,2026-11-18,2026-06-17,59,70,False,
T993,P006,MAX20-0863,Документировать витрину клиентских событий для корпоративного блока,R078,Диана Орлова,Done,low,2026-11-19,2026-06-16,61,71,False,
T994,P006,MAX20-0864,Разработать онлайн-антифрод для рисков,R079,Егор Петров,Done,high,2026-11-20,2026-06-19,63,72,False,
T995,P006,MAX20-0865,Настроить кредитный decisioning для платежей,R080,Инна Рябова,Done,medium,2026-11-21,2026-06-18,65,73,False,
T996,P006,MAX20-0866,Проверить корпоративный API gateway для контакт-центра,R081,Лев Сафонов,Done,medium,2026-11-22,2026-06-17,67,74,False,
T997,P006,MAX20-0867,Согласовать модуль лимитов и тарифов для операционного офиса,R082,Милана Тихонова,Done,low,2026-11-23,2026-06-16,69,75,False,
T998,P006,MAX20-0868,Подготовить операционный мониторинг для розницы,R083,Петр Устинов,Done,high,2026-11-24,2026-06-19,71,76,False,
T999,P006,MAX20-0869,Протестировать сервис уведомлений для МСБ,R084,Яна Филатова,Done,medium,2026-11-25,2026-06-18,73,77,False,
T1000,P006,MAX20-0870,Интегрировать data quality pipeline для корпоративного блока,R085,Артем Аверин,Done,medium,2026-11-26,2026-06-17,75,78,False,
T1001,P006,MAX20-0871,Документировать миграцию legacy-процессов для рисков,R086,Валерия Басова,Done,low,2026-11-27,2026-06-16,77,79,False,
T1002,P006,MAX20-0872,Разработать контур аудита действий для платежей,R087,Глеб Воронцов,Done,high,2026-11-28,2026-06-19,79,80,False,
T1003,P006,MAX20-0873,Настроить ролевую модель доступа для контакт-центра,R088,Диана Галкин,Done,medium,2026-11-29,2026-06-18,81,81,False,
T1004,P006,MAX20-0874,Проверить AI-помощника оператора для операционного офиса,R089,Егор Демина,Done,medium,2026-11-30,2026-06-17,83,82,False,
T1005,P006,MAX20-0875,Согласовать модуль согласований для розницы,R090,Инна Еремин,Done,low,2026-12-01,2026-06-16,85,83,False,
T1006,P006,MAX20-0876,Подготовить каталог банковских продуктов для МСБ,R091,Лев Жукова,Done,high,2026-12-02,2026-06-19,87,84,False,
T1007,P006,MAX20-0877,Протестировать шину интеграций для корпоративного блока,R092,Милана Зорин,Done,medium,2026-12-03,2026-06-18,89,85,False,
T1008,P006,MAX20-0878,Интегрировать observability платформы для рисков,R093,Петр Исаев,Done,medium,2026-12-04,2026-06-17,91,86,False,
T1009,P006,MAX20-0879,Документировать контур disaster recovery для платежей,R094,Яна Климова,Done,low,2026-12-05,2026-06-16,93,87,False,
T1010,P006,MAX20-0880,Разработать контур идентификации клиента для контакт-центра,R095,Артем Ларионов,Done,high,2026-12-06,2026-06-19,95,88,False,
T1011,P006,MAX20-0881,Настроить платежный orchestration layer для операционного офиса,R096,Валерия Медведева,Done,medium,2026-12-07,2026-06-18,97,89,False,
T1012,P006,MAX20-0882,Проверить единый профиль клиента для розницы,R097,Глеб Назаров,Done,medium,2026-12-08,2026-06-17,99,90,False,
T1013,P006,MAX20-0883,Согласовать витрину клиентских событий для МСБ,R098,Диана Орлова,Done,low,2026-12-09,2026-06-16,101,91,False,
T1014,P006,MAX20-0884,Подготовить онлайн-антифрод для корпоративного блока,R099,Егор Петров,Done,high,2026-12-10,2026-06-19,103,92,False,
T1015,P006,MAX20-0885,Протестировать кредитный decisioning для рисков,R100,Инна Рябова,Done,medium,2026-12-11,2026-06-18,105,93,False,
T1016,P006,MAX20-0886,Интегрировать корпоративный API gateway для платежей,R101,Лев Сафонов,Done,medium,2026-12-12,2026-06-17,107,94,False,
T1017,P006,MAX20-0887,Документировать модуль лимитов и тарифов для контакт-центра,R102,Милана Тихонова,Done,low,2026-12-13,2026-06-16,109,95,False,
T1018,P006,MAX20-0888,Разработать операционный мониторинг для операционного офиса,R103,Петр Устинов,Done,high,2026-12-14,2026-06-19,111,96,False,
T1019,P006,MAX20-0889,Настроить сервис уведомлений для розницы,R104,Яна Филатова,Done,medium,2026-12-15,2026-06-18,113,97,False,
T1020,P006,MAX20-0890,Проверить data quality pipeline для МСБ,R105,Артем Аверин,Done,medium,2026-12-16,2026-06-17,115,98,False,
T1021,P006,MAX20-0891,Согласовать миграцию legacy-процессов для корпоративного блока,R106,Валерия Басова,Done,low,2026-12-17,2026-06-16,117,99,False,
T1022,P006,MAX20-0892,Подготовить контур аудита действий для рисков,R107,Глеб Воронцов,Done,high,2026-12-18,2026-06-19,119,100,False,
T1023,P006,MAX20-0893,Протестировать ролевую модель доступа для платежей,R108,Диана Галкин,Done,medium,2026-12-19,2026-06-18,121,101,False,
T1024,P006,MAX20-0894,Интегрировать AI-помощника оператора для контакт-центра,R109,Егор Демина,Done,medium,2026-12-20,2026-06-17,123,102,False,
T1025,P006,MAX20-0895,Документировать модуль согласований для операционного офиса,R110,Инна Еремин,Done,low,2026-12-21,2026-06-16,125,103,False,
T1026,P006,MAX20-0896,Разработать каталог банковских продуктов для розницы,R111,Лев Жукова,Done,high,2026-12-22,2026-06-19,127,104,False,
T1027,P006,MAX20-0897,Настроить шину интеграций для МСБ,R112,Милана Зорин,Done,medium,2026-12-23,2026-06-18,129,105,False,
T1028,P006,MAX20-0898,Проверить observability платформы для корпоративного блока,R113,Петр Исаев,Done,medium,2026-12-24,2026-06-17,131,106,False,
T1029,P006,MAX20-0899,Согласовать контур disaster recovery для рисков,R114,Яна Климова,Done,low,2026-12-25,2026-06-16,133,107,False,
T1030,P006,MAX20-0900,Подготовить контур идентификации клиента для платежей,R025,Артем Аверин,Done,high,2026-12-26,2026-06-19,35,8,False,
T1031,P006,MAX20-0901,Протестировать платежный orchestration layer для контакт-центра,R026,Валерия Басова,Done,medium,2026-12-27,2026-06-18,37,9,False,
T1032,P006,MAX20-0902,Интегрировать единый профиль клиента для операционного офиса,R027,Глеб Воронцов,Done,medium,2026-12-28,2026-06-17,8,10,False,
T1033,P006,MAX20-0903,Документировать витрину клиентских событий для розницы,R028,Диана Галкин,Done,low,2026-12-29,2026-06-16,8,11,False,
T1034,P006,MAX20-0904,Разработать онлайн-антифрод для МСБ,R029,Егор Демина,Done,high,2026-12-30,2026-06-19,8,12,False,
T1035,P006,MAX20-0905,Настроить кредитный decisioning для корпоративного блока,R030,Инна Еремин,Done,medium,2026-12-31,2026-06-18,8,13,False,
T1036,P006,MAX20-0906,Проверить корпоративный API gateway для рисков,R031,Лев Жукова,Done,medium,2027-01-01,2026-06-17,8,14,False,
T1037,P006,MAX20-0907,Согласовать модуль лимитов и тарифов для платежей,R032,Милана Зорин,Done,low,2027-01-02,2026-06-16,8,15,False,
T1038,P006,MAX20-0908,Подготовить операционный мониторинг для контакт-центра,R033,Петр Исаев,Done,high,2027-01-03,2026-06-19,10,16,False,
T1039,P006,MAX20-0909,Протестировать сервис уведомлений для операционного офиса,R034,Яна Климова,Done,medium,2027-01-04,2026-06-18,12,17,False,
T1040,P006,MAX20-0910,Интегрировать data quality pipeline для розницы,R035,Артем Ларионов,Done,medium,2027-01-05,2026-06-17,14,18,False,
T1041,P006,MAX20-0911,Документировать миграцию legacy-процессов для МСБ,R036,Валерия Медведева,Done,low,2027-01-06,2026-06-16,16,19,False,
T1042,P006,MAX20-0912,Разработать контур аудита действий для корпоративного блока,R037,Глеб Назаров,Done,high,2027-01-07,2026-06-19,18,20,False,
T1043,P006,MAX20-0913,Настроить ролевую модель доступа для рисков,R038,Диана Орлова,Done,medium,2027-01-08,2026-06-18,20,21,False,
T1044,P006,MAX20-0914,Проверить AI-помощника оператора для платежей,R039,Егор Петров,Done,medium,2027-01-09,2026-06-17,22,22,False,
T1045,P006,MAX20-0915,Согласовать модуль согласований для контакт-центра,R040,Инна Рябова,Done,low,2027-01-10,2026-06-16,24,23,False,
T1046,P006,MAX20-0916,Подготовить каталог банковских продуктов для операционного офиса,R041,Лев Сафонов,Done,high,2027-01-11,2026-06-19,26,24,False,
T1047,P006,MAX20-0917,Протестировать шину интеграций для розницы,R042,Милана Тихонова,Done,medium,2027-01-12,2026-06-18,28,25,False,
T1048,P006,MAX20-0918,Интегрировать observability платформы для МСБ,R043,Петр Устинов,Done,medium,2027-01-13,2026-06-17,30,26,False,
T1049,P006,MAX20-0919,Документировать контур disaster recovery для корпоративного блока,R044,Яна Филатова,Done,low,2027-01-14,2026-06-16,32,27,False,
T1050,P006,MAX20-0920,Разработать контур идентификации клиента для рисков,R045,Артем Аверин,Done,high,2026-05-30,2026-05-28,34,28,False,
T1051,P006,MAX20-0921,Настроить платежный orchestration layer для платежей,R046,Валерия Басова,Done,medium,2026-05-31,2026-05-30,36,29,False,
T1052,P006,MAX20-0922,Проверить единый профиль клиента для контакт-центра,R047,Глеб Воронцов,Done,medium,2026-06-01,2026-06-01,38,30,False,
T1053,P006,MAX20-0923,Согласовать витрину клиентских событий для операционного офиса,R048,Диана Галкин,Done,low,2026-06-02,2026-06-03,40,31,False,
T1054,P006,MAX20-0924,Подготовить онлайн-антифрод для розницы,R049,Егор Демина,Done,high,2026-06-03,2026-06-05,42,32,False,
T1055,P006,MAX20-0925,Протестировать кредитный decisioning для МСБ,R050,Инна Еремин,Done,medium,2026-06-04,2026-06-07,44,33,False,
T1056,P006,MAX20-0926,Интегрировать корпоративный API gateway для корпоративного блока,R051,Лев Жукова,Done,medium,2026-06-05,2026-06-09,46,34,False,
T1057,P006,MAX20-0927,Документировать модуль лимитов и тарифов для рисков,R052,Милана Зорин,Done,low,2026-06-06,2026-06-11,48,35,False,
T1058,P006,MAX20-0928,Разработать операционный мониторинг для платежей,R053,Петр Исаев,Done,high,2026-06-07,2026-06-13,50,36,False,
T1059,P006,MAX20-0929,Настроить сервис уведомлений для контакт-центра,R054,Яна Климова,Done,medium,2026-06-08,2026-06-15,52,37,False,
T1060,P006,MAX20-0930,Проверить data quality pipeline для операционного офиса,R055,Артем Ларионов,Done,medium,2026-06-09,2026-06-17,54,38,False,
T1061,P006,MAX20-0931,Согласовать миграцию legacy-процессов для розницы,R056,Валерия Медведева,Done,low,2026-06-10,2026-06-19,56,39,False,
T1062,P006,MAX20-0932,Подготовить контур аудита действий для МСБ,R057,Глеб Назаров,Done,high,2026-06-11,2026-06-19,58,40,False,
T1063,P006,MAX20-0933,Протестировать ролевую модель доступа для корпоративного блока,R058,Диана Орлова,Done,medium,2026-06-12,2026-06-18,60,41,False,
T1064,P006,MAX20-0934,Интегрировать AI-помощника оператора для рисков,R059,Егор Петров,Done,medium,2026-06-13,2026-06-17,62,42,False,
T1065,P006,MAX20-0935,Документировать модуль согласований для платежей,R060,Инна Рябова,Done,low,2026-06-14,2026-06-10,64,43,False,
T1066,P006,MAX20-0936,Разработать каталог банковских продуктов для контакт-центра,R061,Лев Сафонов,Done,high,2026-06-15,2026-06-12,66,44,False,
T1067,P006,MAX20-0937,Настроить шину интеграций для операционного офиса,R062,Милана Тихонова,Done,medium,2026-06-16,2026-06-14,68,45,False,
T1068,P006,MAX20-0938,Проверить observability платформы для розницы,R063,Петр Устинов,Done,medium,2026-06-17,2026-06-16,70,46,False,
T1069,P006,MAX20-0939,Согласовать контур disaster recovery для МСБ,R064,Яна Филатова,Done,low,2026-06-18,2026-06-18,72,47,False,
T1070,P006,MAX20-0940,Подготовить контур идентификации клиента для корпоративного блока,R065,Артем Аверин,Done,high,2026-06-19,2026-06-19,74,48,False,
T1071,P006,MAX20-0941,Протестировать платежный orchestration layer для рисков,R066,Валерия Басова,Done,medium,2026-06-20,2026-06-18,76,49,False,
T1072,P006,MAX20-0942,Интегрировать единый профиль клиента для платежей,R067,Глеб Воронцов,Done,medium,2026-06-21,2026-06-17,78,50,False,
T1073,P006,MAX20-0943,Документировать витрину клиентских событий для контакт-центра,R068,Диана Галкин,Done,low,2026-06-22,2026-06-16,39,51,False,
T1074,P006,MAX20-0944,Разработать онлайн-антифрод для операционного офиса,R069,Егор Демина,Done,high,2026-06-23,2026-06-19,41,52,False,
T1075,P006,MAX20-0945,Настроить кредитный decisioning для розницы,R070,Инна Еремин,Done,medium,2026-06-24,2026-06-18,43,53,False,
T1076,P006,MAX20-0946,Проверить корпоративный API gateway для МСБ,R071,Лев Жукова,Done,medium,2026-06-25,2026-06-17,45,54,False,
T1077,P006,MAX20-0947,Согласовать модуль лимитов и тарифов для корпоративного блока,R072,Милана Зорин,Done,low,2026-06-26,2026-06-16,47,55,False,
T1078,P006,MAX20-0948,Подготовить операционный мониторинг для рисков,R073,Петр Исаев,Done,high,2026-06-27,2026-06-19,49,56,False,
T1079,P006,MAX20-0949,Протестировать сервис уведомлений для платежей,R074,Яна Климова,Done,medium,2026-06-28,2026-06-18,51,57,False,
T1080,P006,MAX20-0950,Интегрировать data quality pipeline для контакт-центра,R075,Артем Ларионов,Done,medium,2026-06-29,2026-06-17,53,58,False,
T1081,P006,MAX20-0951,Документировать миграцию legacy-процессов для операционного офиса,R076,Валерия Медведева,Done,low,2026-06-30,2026-06-16,55,59,False,
T1082,P006,MAX20-0952,Разработать контур аудита действий для розницы,R077,Глеб Назаров,Done,high,2026-07-01,2026-06-19,57,60,False,
T1083,P006,MAX20-0953,Настроить ролевую модель доступа для МСБ,R078,Диана Орлова,Done,medium,2026-07-02,2026-06-18,59,61,False,
T1084,P006,MAX20-0954,Проверить AI-помощника оператора для корпоративного блока,R079,Егор Петров,Done,medium,2026-07-03,2026-06-17,61,62,False,
T1085,P006,MAX20-0955,Согласовать модуль согласований для рисков,R080,Инна Рябова,Done,low,2026-07-04,2026-06-16,63,63,False,
T1086,P006,MAX20-0956,Подготовить каталог банковских продуктов для платежей,R081,Лев Сафонов,Done,high,2026-07-05,2026-06-19,65,64,False,
T1087,P006,MAX20-0957,Протестировать шину интеграций для контакт-центра,R082,Милана Тихонова,Done,medium,2026-07-06,2026-06-18,67,65,False,
T1088,P006,MAX20-0958,Интегрировать observability платформы для операционного офиса,R083,Петр Устинов,Done,medium,2026-07-07,2026-06-17,69,66,False,
T1089,P006,MAX20-0959,Документировать контур disaster recovery для розницы,R084,Яна Филатова,Done,low,2026-07-08,2026-06-16,71,67,False,
T1090,P006,MAX20-0960,Разработать контур идентификации клиента для МСБ,R085,Артем Аверин,Done,high,2026-07-09,2026-06-19,73,68,False,
T1091,P006,MAX20-0961,Настроить платежный orchestration layer для корпоративного блока,R086,Валерия Басова,Done,medium,2026-07-10,2026-06-18,75,69,False,
T1092,P006,MAX20-0962,Проверить единый профиль клиента для рисков,R087,Глеб Воронцов,Done,medium,2026-07-11,2026-06-17,77,70,False,
T1093,P006,MAX20-0963,Согласовать витрину клиентских событий для платежей,R088,Диана Галкин,Done,low,2026-07-12,2026-06-16,79,71,False,
T1094,P006,MAX20-0964,Подготовить онлайн-антифрод для контакт-центра,R089,Егор Демина,Done,high,2026-07-13,2026-06-19,81,72,False,
T1095,P006,MAX20-0965,Протестировать кредитный decisioning для операционного офиса,R090,Инна Еремин,Done,medium,2026-07-14,2026-06-18,83,73,False,
T1096,P006,MAX20-0966,Интегрировать корпоративный API gateway для розницы,R091,Лев Жукова,Done,medium,2026-07-15,2026-06-17,85,74,False,
T1097,P006,MAX20-0967,Документировать модуль лимитов и тарифов для МСБ,R092,Милана Зорин,Done,low,2026-07-16,2026-06-16,87,75,False,
T1098,P006,MAX20-0968,Разработать операционный мониторинг для корпоративного блока,R093,Петр Исаев,Done,high,2026-07-17,2026-06-19,89,76,False,
T1099,P006,MAX20-0969,Настроить сервис уведомлений для рисков,R094,Яна Климова,Done,medium,2026-07-18,2026-06-18,91,77,False,
T1100,P006,MAX20-0970,Проверить data quality pipeline для платежей,R095,Артем Ларионов,Done,medium,2026-07-19,2026-06-17,93,78,False,
T1101,P006,MAX20-0971,Согласовать миграцию legacy-процессов для контакт-центра,R096,Валерия Медведева,Done,low,2026-07-20,2026-06-16,95,79,False,
T1102,P006,MAX20-0972,Подготовить контур аудита действий для операционного офиса,R097,Глеб Назаров,Done,high,2026-07-21,2026-06-19,97,80,False,
T1103,P006,MAX20-0973,Протестировать ролевую модель доступа для розницы,R098,Диана Орлова,Done,medium,2026-07-22,2026-06-18,99,81,False,
T1104,P006,MAX20-0974,Интегрировать AI-помощника оператора для МСБ,R099,Егор Петров,Done,medium,2026-07-23,2026-06-17,101,82,False,
T1105,P006,MAX20-0975,Документировать модуль согласований для корпоративного блока,R100,Инна Рябова,Done,low,2026-07-24,2026-06-16,103,83,False,
T1106,P006,MAX20-0976,Разработать каталог банковских продуктов для рисков,R101,Лев Сафонов,Done,high,2026-07-25,2026-06-19,105,84,False,
T1107,P006,MAX20-0977,Настроить шину интеграций для платежей,R102,Милана Тихонова,Done,medium,2026-07-26,2026-06-18,107,85,False,
T1108,P006,MAX20-0978,Проверить observability платформы для контакт-центра,R103,Петр Устинов,Done,medium,2026-07-27,2026-06-17,109,86,False,
T1109,P006,MAX20-0979,Согласовать контур disaster recovery для операционного офиса,R104,Яна Филатова,Done,low,2026-07-28,2026-06-16,111,87,False,
T1110,P006,MAX20-0980,Подготовить контур идентификации клиента для розницы,R105,Артем Аверин,Done,high,2026-07-29,2026-06-19,113,88,False,
T1111,P006,MAX20-0981,Протестировать платежный orchestration layer для МСБ,R106,Валерия Басова,Done,medium,2026-07-30,2026-06-18,115,89,False,
T1112,P006,MAX20-0982,Интегрировать единый профиль клиента для корпоративного блока,R107,Глеб Воронцов,Done,medium,2026-07-31,2026-06-17,117,90,False,
T1113,P006,MAX20-0983,Документировать витрину клиентских событий для рисков,R108,Диана Галкин,Done,low,2026-08-01,2026-06-16,119,91,False,
T1114,P006,MAX20-0984,Разработать онлайн-антифрод для платежей,R109,Егор Демина,Done,high,2026-08-02,2026-06-19,80,92,False,
T1115,P006,MAX20-0985,Настроить кредитный decisioning для контакт-центра,R110,Инна Еремин,Done,medium,2026-08-03,2026-06-18,82,93,False,
T1116,P006,MAX20-0986,Проверить корпоративный API gateway для операционного офиса,R111,Лев Жукова,Done,medium,2026-08-04,2026-06-17,84,94,False,
T1117,P006,MAX20-0987,Согласовать модуль лимитов и тарифов для розницы,R112,Милана Зорин,Done,low,2026-08-05,2026-06-16,86,95,False,
T1118,P006,MAX20-0988,Подготовить операционный мониторинг для МСБ,R113,Петр Исаев,Done,high,2026-08-06,2026-06-19,88,96,False,
T1119,P006,MAX20-0989,Протестировать сервис уведомлений для корпоративного блока,R114,Яна Климова,Done,medium,2026-08-07,2026-06-18,90,97,False,
T1120,P006,MAX20-0990,Интегрировать data quality pipeline для рисков,R025,Артем Аверин,Done,medium,2026-08-08,2026-06-17,92,98,False,
T1121,P006,MAX20-0991,Документировать миграцию legacy-процессов для платежей,R026,Валерия Басова,Done,low,2026-08-09,2026-06-16,94,99,False,
T1122,P006,MAX20-0992,Разработать контур аудита действий для контакт-центра,R027,Глеб Воронцов,Done,high,2026-08-10,2026-06-19,96,100,False,
T1123,P006,MAX20-0993,Настроить ролевую модель доступа для операционного офиса,R028,Диана Галкин,Done,medium,2026-08-11,2026-06-18,98,101,False,
T1124,P006,MAX20-0994,Проверить AI-помощника оператора для розницы,R029,Егор Демина,Done,medium,2026-08-12,2026-06-17,100,102,False,
T1125,P006,MAX20-0995,Согласовать модуль согласований для МСБ,R030,Инна Еремин,Done,low,2026-08-13,2026-06-16,102,103,False,
T1126,P006,MAX20-0996,Подготовить каталог банковских продуктов для корпоративного блока,R031,Лев Жукова,Done,high,2026-08-14,2026-06-19,104,104,False,
T1127,P006,MAX20-0997,Протестировать шину интеграций для рисков,R032,Милана Зорин,Done,medium,2026-08-15,2026-06-18,106,105,False,
T1128,P006,MAX20-0998,Интегрировать observability платформы для платежей,R033,Петр Исаев,Done,medium,2026-08-16,2026-06-17,108,106,False,
T1129,P006,MAX20-0999,Документировать контур disaster recovery для контакт-центра,R034,Яна Климова,Done,low,2026-08-17,2026-06-16,110,107,False,
T1130,P006,MAX20-1000,Разработать контур идентификации клиента для операционного офиса,R035,Артем Ларионов,Done,high,2026-08-18,2026-06-19,12,8,False,
T1131,P006,MAX20-1001,Настроить платежный orchestration layer для розницы,R036,Валерия Медведева,To Do,medium,2026-09-29,,8,1,False,
T1132,P006,MAX20-1002,Проверить единый профиль клиента для МСБ,R037,Глеб Назаров,To Do,low,2026-09-30,,8,2,False,
T1133,P006,MAX20-1003,Согласовать витрину клиентских событий для корпоративного блока,R038,Диана Орлова,In Progress,medium,2026-10-01,,10,3,False,
T1134,P006,MAX20-1004,Подготовить онлайн-антифрод для рисков,R039,Егор Петров,To Do,high,2026-10-02,,12,4,False,
T1135,P006,MAX20-1005,Протестировать кредитный decisioning для платежей,R040,Инна Рябова,To Do,medium,2026-10-03,,14,5,False,
T1136,P006,MAX20-1006,Интегрировать корпоративный API gateway для контакт-центра,R041,Лев Сафонов,In Progress,low,2026-10-04,,16,6,False,
T1137,P006,MAX20-1007,Документировать модуль лимитов и тарифов для операционного офиса,R042,Милана Тихонова,To Do,medium,2026-10-05,,18,7,False,
T1138,P006,MAX20-1008,Разработать операционный мониторинг для розницы,R043,Петр Устинов,To Do,high,2026-10-06,,20,8,False,
T1139,P006,MAX20-1009,Настроить сервис уведомлений для МСБ,R044,Яна Филатова,In Progress,medium,2026-10-07,,22,9,False,
T1140,P006,MAX20-1010,Проверить data quality pipeline для корпоративного блока,R045,Артем Аверин,To Do,low,2026-10-08,,24,10,False,
T1141,P006,MAX20-1011,Согласовать миграцию legacy-процессов для рисков,R046,Валерия Басова,To Do,medium,2026-10-09,,26,11,False,
T1142,P006,MAX20-1012,Подготовить контур аудита действий для платежей,R047,Глеб Воронцов,In Progress,high,2026-10-10,,28,12,False,
T1143,P006,MAX20-1013,Протестировать ролевую модель доступа для контакт-центра,R048,Диана Галкин,To Do,medium,2026-10-11,,30,13,False,
T1144,P006,MAX20-1014,Интегрировать AI-помощника оператора для операционного офиса,R049,Егор Демина,To Do,low,2026-10-12,,32,14,False,
T1145,P006,MAX20-1015,Документировать модуль согласований для розницы,R050,Инна Еремин,In Progress,medium,2026-10-13,,34,15,False,
T1146,P006,MAX20-1016,Разработать каталог банковских продуктов для МСБ,R051,Лев Жукова,To Do,high,2026-10-14,,36,16,False,
T1147,P006,MAX20-1017,Настроить шину интеграций для корпоративного блока,R052,Милана Зорин,To Do,medium,2026-10-15,,38,17,False,
T1148,P006,MAX20-1018,Проверить observability платформы для рисков,R053,Петр Исаев,In Progress,low,2026-10-16,,40,18,False,
T1149,P006,MAX20-1019,Согласовать контур disaster recovery для платежей,R054,Яна Климова,To Do,medium,2026-10-17,,42,19,False,
T1150,P006,MAX20-1020,Подготовить контур идентификации клиента для контакт-центра,R055,Артем Ларионов,To Do,high,2026-10-18,,44,20,False,
T1151,P006,MAX20-1021,Протестировать платежный orchestration layer для операционного офиса,R056,Валерия Медведева,In Progress,medium,2026-10-19,,46,21,False,
T1152,P006,MAX20-1022,Интегрировать единый профиль клиента для розницы,R057,Глеб Назаров,To Do,low,2026-10-20,,48,22,False,
T1153,P006,MAX20-1023,Документировать витрину клиентских событий для МСБ,R058,Диана Орлова,To Do,medium,2026-10-21,,50,23,False,
T1154,P006,MAX20-1024,Разработать онлайн-антифрод для корпоративного блока,R059,Егор Петров,In Progress,high,2026-10-22,,52,24,False,
T1155,P006,MAX20-1025,Настроить кредитный decisioning для рисков,R060,Инна Рябова,To Do,medium,2026-10-23,,13,25,False,
T1156,P006,MAX20-1026,Проверить корпоративный API gateway для платежей,R061,Лев Сафонов,To Do,low,2026-10-24,,15,26,False,
T1157,P006,MAX20-1027,Согласовать модуль лимитов и тарифов для контакт-центра,R062,Милана Тихонова,In Progress,medium,2026-10-25,,17,27,False,
T1158,P006,MAX20-1028,Подготовить операционный мониторинг для операционного офиса,R063,Петр Устинов,To Do,high,2026-10-26,,19,28,False,
T1159,P006,MAX20-1029,Протестировать сервис уведомлений для розницы,R064,Яна Филатова,To Do,medium,2026-10-27,,21,29,False,
T1160,P006,MAX20-1030,Интегрировать data quality pipeline для МСБ,R065,Артем Аверин,In Progress,low,2026-10-28,,23,30,False,
T1161,P006,MAX20-1031,Документировать миграцию legacy-процессов для корпоративного блока,R066,Валерия Басова,To Do,medium,2026-10-29,,25,31,False,
T1162,P006,MAX20-1032,Разработать контур аудита действий для рисков,R067,Глеб Воронцов,To Do,high,2026-10-30,,27,32,False,
T1163,P006,MAX20-1033,Настроить ролевую модель доступа для платежей,R068,Диана Галкин,In Progress,medium,2026-10-31,,29,33,False,
T1164,P006,MAX20-1034,Проверить AI-помощника оператора для контакт-центра,R069,Егор Демина,To Do,low,2026-11-01,,31,34,False,
T1165,P006,MAX20-1035,Согласовать модуль согласований для операционного офиса,R070,Инна Еремин,To Do,medium,2026-11-02,,33,35,False,
T1166,P006,MAX20-1036,Подготовить каталог банковских продуктов для розницы,R071,Лев Жукова,In Progress,high,2026-11-03,,35,36,False,
T1167,P006,MAX20-1037,Протестировать шину интеграций для МСБ,R072,Милана Зорин,To Do,medium,2026-11-04,,37,37,False,
T1168,P006,MAX20-1038,Интегрировать observability платформы для корпоративного блока,R073,Петр Исаев,To Do,low,2026-11-05,,39,38,False,
T1169,P006,MAX20-1039,Документировать контур disaster recovery для рисков,R074,Яна Климова,In Progress,medium,2026-11-06,,41,39,False,
T1170,P006,MAX20-1040,Разработать контур идентификации клиента для платежей,R075,Артем Ларионов,To Do,high,2026-11-07,,43,40,False,
T1171,P006,MAX20-1041,Настроить платежный orchestration layer для контакт-центра,R076,Валерия Медведева,To Do,medium,2026-11-08,,45,41,False,
T1172,P006,MAX20-1042,Проверить единый профиль клиента для операционного офиса,R077,Глеб Назаров,In Progress,low,2026-11-09,,47,42,False,
T1173,P006,MAX20-1043,Согласовать витрину клиентских событий для розницы,R078,Диана Орлова,To Do,medium,2026-11-10,,49,43,False,
T1174,P006,MAX20-1044,Подготовить онлайн-антифрод для МСБ,R079,Егор Петров,To Do,high,2026-11-11,,51,44,False,
T1175,P006,MAX20-1045,Протестировать кредитный decisioning для корпоративного блока,R080,Инна Рябова,In Progress,medium,2026-11-12,,53,45,False,
T1176,P006,MAX20-1046,Интегрировать корпоративный API gateway для рисков,R081,Лев Сафонов,To Do,low,2026-11-13,,55,46,False,
T1177,P006,MAX20-1047,Документировать модуль лимитов и тарифов для платежей,R082,Милана Тихонова,To Do,medium,2026-11-14,,57,47,False,
T1178,P006,MAX20-1048,Разработать операционный мониторинг для контакт-центра,R083,Петр Устинов,In Progress,high,2026-11-15,,59,48,False,
T1179,P006,MAX20-1049,Настроить сервис уведомлений для операционного офиса,R084,Яна Филатова,To Do,medium,2026-11-16,,61,49,False,
T1180,P006,MAX20-1050,Проверить data quality pipeline для розницы,R085,Артем Аверин,To Do,low,2026-11-17,,13,0,False,
T1181,P006,MAX20-1051,Согласовать миграцию legacy-процессов для МСБ,R086,Валерия Басова,In Progress,medium,2026-11-18,,15,1,False,
T1182,P006,MAX20-1052,Подготовить контур аудита действий для корпоративного блока,R087,Глеб Воронцов,To Do,high,2026-11-19,,17,2,False,
T1183,P006,MAX20-1053,Протестировать ролевую модель доступа для рисков,R088,Диана Галкин,To Do,medium,2026-11-20,,19,3,False,
T1184,P006,MAX20-1054,Интегрировать AI-помощника оператора для платежей,R089,Егор Демина,In Progress,low,2026-11-21,,21,4,False,
T1185,P006,MAX20-1055,Документировать модуль согласований для контакт-центра,R090,Инна Еремин,To Do,medium,2026-11-22,,23,5,False,
T1186,P006,MAX20-1056,Разработать каталог банковских продуктов для операционного офиса,R091,Лев Жукова,To Do,high,2026-11-23,,25,6,False,
T1187,P006,MAX20-1057,Настроить шину интеграций для розницы,R092,Милана Зорин,In Progress,medium,2026-11-24,,27,7,False,
T1188,P006,MAX20-1058,Проверить observability платформы для МСБ,R093,Петр Исаев,To Do,low,2026-11-25,,29,8,False,
T1189,P006,MAX20-1059,Согласовать контур disaster recovery для корпоративного блока,R094,Яна Климова,To Do,medium,2026-11-26,,31,9,False,
T1190,P006,MAX20-1060,Подготовить контур идентификации клиента для рисков,R095,Артем Ларионов,In Progress,high,2026-11-27,,33,10,False,
T1191,P006,MAX20-1061,Протестировать платежный orchestration layer для платежей,R096,Валерия Медведева,To Do,medium,2026-11-28,,35,11,False,
T1192,P006,MAX20-1062,Интегрировать единый профиль клиента для контакт-центра,R097,Глеб Назаров,To Do,low,2026-11-29,,37,12,False,
T1193,P006,MAX20-1063,Документировать витрину клиентских событий для операционного офиса,R098,Диана Орлова,In Progress,medium,2026-11-30,,39,13,False,
T1194,P006,MAX20-1064,Разработать онлайн-антифрод для розницы,R099,Егор Петров,To Do,high,2026-12-01,,41,14,False,
T1195,P006,MAX20-1065,Настроить кредитный decisioning для МСБ,R100,Инна Рябова,To Do,medium,2026-12-02,,43,15,False,
T1196,P006,MAX20-1066,Проверить корпоративный API gateway для корпоративного блока,R101,Лев Сафонов,In Progress,low,2026-12-03,,8,16,False,
T1197,P006,MAX20-1067,Согласовать модуль лимитов и тарифов для рисков,R102,Милана Тихонова,To Do,medium,2026-12-04,,8,17,False,
T1198,P006,MAX20-1068,Подготовить операционный мониторинг для платежей,R103,Петр Устинов,To Do,high,2026-12-05,,8,18,False,
T1199,P006,MAX20-1069,Протестировать сервис уведомлений для контакт-центра,R104,Яна Филатова,In Progress,medium,2026-12-06,,10,19,False,
T1200,P006,MAX20-1070,Интегрировать data quality pipeline для операционного офиса,R105,Артем Аверин,To Do,low,2026-12-07,,12,20,False,
T1201,P006,MAX20-1071,Документировать миграцию legacy-процессов для розницы,R106,Валерия Басова,To Do,medium,2026-12-08,,14,21,False,
T1202,P006,MAX20-1072,Разработать контур аудита действий для МСБ,R107,Глеб Воронцов,In Progress,high,2026-12-09,,16,22,False,
T1203,P006,MAX20-1073,Настроить ролевую модель доступа для корпоративного блока,R108,Диана Галкин,To Do,medium,2026-12-10,,18,23,False,
T1204,P006,MAX20-1074,Проверить AI-помощника оператора для рисков,R109,Егор Демина,To Do,low,2026-12-11,,20,24,False,
T1205,P006,MAX20-1075,Согласовать модуль согласований для платежей,R110,Инна Еремин,In Progress,medium,2026-12-12,,22,25,False,
T1206,P006,MAX20-1076,Подготовить каталог банковских продуктов для контакт-центра,R111,Лев Жукова,To Do,high,2026-12-13,,24,26,False,
T1207,P006,MAX20-1077,Протестировать шину интеграций для операционного офиса,R112,Милана Зорин,To Do,medium,2026-12-14,,26,27,False,
T1208,P006,MAX20-1078,Интегрировать observability платформы для розницы,R113,Петр Исаев,In Progress,low,2026-12-15,,28,28,False,
T1209,P006,MAX20-1079,Документировать контур disaster recovery для МСБ,R114,Яна Климова,To Do,medium,2026-12-16,,30,29,False,
T1210,P006,MAX20-1080,Разработать контур идентификации клиента для корпоративного блока,R025,Артем Аверин,To Do,high,2026-06-20,,32,30,False,
T1211,P006,MAX20-1081,Настроить платежный orchestration layer для рисков,R026,Валерия Басова,In Progress,medium,2026-06-21,,34,31,False,
T1212,P006,MAX20-1082,Проверить единый профиль клиента для платежей,R027,Глеб Воронцов,To Do,low,2026-06-22,,36,32,False,
T1213,P006,MAX20-1083,Согласовать витрину клиентских событий для контакт-центра,R028,Диана Галкин,To Do,medium,2026-06-23,,38,33,False,
T1214,P006,MAX20-1084,Подготовить онлайн-антифрод для операционного офиса,R029,Егор Демина,In Progress,high,2026-06-24,,40,34,False,
T1215,P006,MAX20-1085,Протестировать кредитный decisioning для розницы,R030,Инна Еремин,To Do,medium,2026-06-25,,42,35,False,
T1216,P006,MAX20-1086,Интегрировать корпоративный API gateway для МСБ,R031,Лев Жукова,To Do,low,2026-06-26,,44,36,False,
T1217,P006,MAX20-1087,Документировать модуль лимитов и тарифов для корпоративного блока,R032,Милана Зорин,In Progress,medium,2026-06-27,,46,37,False,
T1218,P006,MAX20-1088,Разработать операционный мониторинг для рисков,R033,Петр Исаев,To Do,high,2026-06-28,,48,38,False,
T1219,P006,MAX20-1089,Настроить сервис уведомлений для платежей,R034,Яна Климова,To Do,medium,2026-06-29,,50,39,False,
T1220,P006,MAX20-1090,Проверить data quality pipeline для контакт-центра,R035,Артем Ларионов,In Progress,low,2026-06-30,,52,40,False,
T1221,P006,MAX20-1091,Согласовать миграцию legacy-процессов для операционного офиса,R036,Валерия Медведева,To Do,medium,2026-07-01,,54,41,False,
T1222,P006,MAX20-1092,Подготовить контур аудита действий для розницы,R037,Глеб Назаров,To Do,high,2026-07-02,,56,42,False,
T1223,P006,MAX20-1093,Протестировать ролевую модель доступа для МСБ,R038,Диана Орлова,In Progress,medium,2026-07-03,,58,43,False,
T1224,P006,MAX20-1094,Интегрировать AI-помощника оператора для корпоративного блока,R039,Егор Петров,To Do,low,2026-07-04,,60,44,False,
T1225,P006,MAX20-1095,Документировать модуль согласований для рисков,R040,Инна Рябова,To Do,medium,2026-07-05,,62,45,False,
T1226,P006,MAX20-1096,Разработать каталог банковских продуктов для платежей,R041,Лев Сафонов,In Progress,high,2026-07-06,,64,46,False,
T1227,P006,MAX20-1097,Настроить шину интеграций для контакт-центра,R042,Милана Тихонова,To Do,medium,2026-07-07,,66,47,False,
T1228,P006,MAX20-1098,Проверить observability платформы для операционного офиса,R043,Петр Устинов,To Do,low,2026-07-08,,68,48,False,
T1229,P006,MAX20-1099,Согласовать контур disaster recovery для розницы,R044,Яна Филатова,In Progress,medium,2026-07-09,,70,49,False,
T1230,P006,MAX20-1100,Подготовить контур идентификации клиента для МСБ,R045,Артем Аверин,To Do,high,2026-07-10,,22,0,False,
T1231,P006,MAX20-1101,Протестировать платежный orchestration layer для корпоративного блока,R046,Валерия Басова,To Do,medium,2026-07-11,,24,1,False,
T1232,P006,MAX20-1102,Интегрировать единый профиль клиента для рисков,R047,Глеб Воронцов,In Progress,low,2026-07-12,,26,2,False,
T1233,P006,MAX20-1103,Документировать витрину клиентских событий для платежей,R048,Диана Галкин,To Do,medium,2026-07-13,,28,3,False,
T1234,P006,MAX20-1104,Разработать онлайн-антифрод для контакт-центра,R049,Егор Демина,To Do,high,2026-07-14,,30,4,False,
T1235,P006,MAX20-1105,Настроить кредитный decisioning для операционного офиса,R050,Инна Еремин,In Progress,medium,2026-07-15,,32,5,False,
T1236,P006,MAX20-1106,Проверить корпоративный API gateway для розницы,R051,Лев Жукова,To Do,low,2026-07-16,,34,6,False,
T1237,P006,MAX20-1107,Согласовать модуль лимитов и тарифов для МСБ,R052,Милана Зорин,To Do,medium,2026-07-17,,8,7,False,
T1238,P006,MAX20-1108,Подготовить операционный мониторинг для корпоративного блока,R053,Петр Исаев,In Progress,high,2026-07-18,,8,8,False,
T1239,P006,MAX20-1109,Протестировать сервис уведомлений для рисков,R054,Яна Климова,To Do,medium,2026-07-19,,8,9,False,
T1240,P006,MAX20-1110,Интегрировать data quality pipeline для платежей,R055,Артем Ларионов,To Do,low,2026-07-20,,8,10,False,
T1241,P006,MAX20-1111,Документировать миграцию legacy-процессов для контакт-центра,R056,Валерия Медведева,In Progress,medium,2026-07-21,,8,11,False,
T1242,P006,MAX20-1112,Разработать контур аудита действий для операционного офиса,R057,Глеб Назаров,To Do,high,2026-07-22,,8,12,False,
T1243,P006,MAX20-1113,Настроить ролевую модель доступа для розницы,R058,Диана Орлова,To Do,medium,2026-07-23,,8,13,False,
T1244,P006,MAX20-1114,Проверить AI-помощника оператора для МСБ,R059,Егор Петров,In Progress,low,2026-07-24,,9,14,False,
T1245,P006,MAX20-1115,Согласовать модуль согласований для корпоративного блока,R060,Инна Рябова,To Do,medium,2026-07-25,,11,15,False,
T1246,P006,MAX20-1116,Подготовить каталог банковских продуктов для рисков,R061,Лев Сафонов,To Do,high,2026-07-26,,13,16,False,
T1247,P006,MAX20-1117,Протестировать шину интеграций для платежей,R062,Милана Тихонова,In Progress,medium,2026-07-27,,15,17,False,
T1248,P006,MAX20-1118,Интегрировать observability платформы для контакт-центра,R063,Петр Устинов,To Do,low,2026-07-28,,17,18,False,
T1249,P006,MAX20-1119,Документировать контур disaster recovery для операционного офиса,R064,Яна Филатова,To Do,medium,2026-07-29,,19,19,False,
T1250,P006,MAX20-1120,Разработать контур идентификации клиента для розницы,R065,Артем Аверин,In Progress,high,2026-07-30,,21,20,False,
T1251,P006,MAX20-1121,Настроить платежный orchestration layer для МСБ,R066,Валерия Басова,To Do,medium,2026-07-31,,23,21,False,
T1252,P006,MAX20-1122,Проверить единый профиль клиента для корпоративного блока,R067,Глеб Воронцов,To Do,low,2026-08-01,,25,22,False,
T1253,P006,MAX20-1123,Согласовать витрину клиентских событий для рисков,R068,Диана Галкин,In Progress,medium,2026-08-02,,27,23,False,
T1254,P006,MAX20-1124,Подготовить онлайн-антифрод для платежей,R069,Егор Демина,To Do,high,2026-08-03,,29,24,False,
T1255,P006,MAX20-1125,Протестировать кредитный decisioning для контакт-центра,R070,Инна Еремин,To Do,medium,2026-08-04,,31,25,False,
T1256,P006,MAX20-1126,Интегрировать корпоративный API gateway для операционного офиса,R071,Лев Жукова,In Progress,low,2026-08-05,,33,26,False,
T1257,P006,MAX20-1127,Документировать модуль лимитов и тарифов для розницы,R072,Милана Зорин,To Do,medium,2026-08-06,,35,27,False,
T1258,P006,MAX20-1128,Разработать операционный мониторинг для МСБ,R073,Петр Исаев,To Do,high,2026-08-07,,37,28,False,
T1259,P006,MAX20-1129,Настроить сервис уведомлений для корпоративного блока,R074,Яна Климова,In Progress,medium,2026-08-08,,39,29,False,
T1260,P006,MAX20-1130,Проверить data quality pipeline для рисков,R075,Артем Ларионов,To Do,low,2026-08-09,,41,30,False,
T1261,P006,MAX20-1131,Согласовать миграцию legacy-процессов для платежей,R076,Валерия Медведева,To Do,medium,2026-08-10,,43,31,False,
T1262,P006,MAX20-1132,Подготовить контур аудита действий для контакт-центра,R077,Глеб Назаров,In Progress,high,2026-08-11,,45,32,False,
T1263,P006,MAX20-1133,Протестировать ролевую модель доступа для операционного офиса,R078,Диана Орлова,To Do,medium,2026-08-12,,47,33,False,
T1264,P006,MAX20-1134,Интегрировать AI-помощника оператора для розницы,R079,Егор Петров,To Do,low,2026-08-13,,49,34,False,
T1265,P006,MAX20-1135,Документировать модуль согласований для МСБ,R080,Инна Рябова,In Progress,medium,2026-08-14,,51,35,False,
T1266,P006,MAX20-1136,Разработать каталог банковских продуктов для корпоративного блока,R081,Лев Сафонов,To Do,high,2026-08-15,,53,36,False,
T1267,P006,MAX20-1137,Настроить шину интеграций для рисков,R082,Милана Тихонова,To Do,medium,2026-08-16,,55,37,False,
T1268,P006,MAX20-1138,Проверить observability платформы для платежей,R083,Петр Устинов,In Progress,low,2026-08-17,,57,38,False,
T1269,P006,MAX20-1139,Согласовать контур disaster recovery для контакт-центра,R084,Яна Филатова,To Do,medium,2026-08-18,,59,39,False,
T1270,P006,MAX20-1140,Подготовить контур идентификации клиента для операционного офиса,R085,Артем Аверин,To Do,high,2026-08-19,,61,40,False,
T1271,P006,MAX20-1141,Протестировать платежный orchestration layer для розницы,R086,Валерия Басова,In Progress,medium,2026-08-20,,63,41,False,
T1272,P006,MAX20-1142,Интегрировать единый профиль клиента для МСБ,R087,Глеб Воронцов,To Do,low,2026-08-21,,65,42,False,
T1273,P006,MAX20-1143,Документировать витрину клиентских событий для корпоративного блока,R088,Диана Галкин,To Do,medium,2026-08-22,,67,43,False,
T1274,P006,MAX20-1144,Разработать онлайн-антифрод для рисков,R089,Егор Демина,In Progress,high,2026-08-23,,69,44,False,
T1275,P006,MAX20-1145,Настроить кредитный decisioning для платежей,R090,Инна Еремин,To Do,medium,2026-08-24,,71,45,False,
T1276,P006,MAX20-1146,Проверить корпоративный API gateway для контакт-центра,R091,Лев Жукова,To Do,low,2026-08-25,,73,46,False,
T1277,P006,MAX20-1147,Согласовать модуль лимитов и тарифов для операционного офиса,R092,Милана Зорин,In Progress,medium,2026-08-26,,75,47,False,
T1278,P006,MAX20-1148,Подготовить операционный мониторинг для розницы,R093,Петр Исаев,To Do,high,2026-08-27,,36,48,False,
T1279,P006,MAX20-1149,Протестировать сервис уведомлений для МСБ,R094,Яна Климова,To Do,medium,2026-08-28,,38,49,False,
T1280,P006,MAX20-1150,Интегрировать data quality pipeline для корпоративного блока,R095,Артем Ларионов,In Progress,low,2026-08-29,,8,0,False,
T1281,P006,MAX20-1151,Документировать миграцию legacy-процессов для рисков,R096,Валерия Медведева,To Do,medium,2026-08-30,,8,1,False,
T1282,P006,MAX20-1152,Разработать контур аудита действий для платежей,R097,Глеб Назаров,To Do,high,2026-08-31,,8,2,False,
T1283,P006,MAX20-1153,Настроить ролевую модель доступа для контакт-центра,R098,Диана Орлова,In Progress,medium,2026-09-01,,8,3,False,
T1284,P006,MAX20-1154,Проверить AI-помощника оператора для операционного офиса,R099,Егор Петров,To Do,low,2026-09-02,,8,4,False,
T1285,P006,MAX20-1155,Согласовать модуль согласований для розницы,R100,Инна Рябова,To Do,medium,2026-09-03,,8,5,False,
T1286,P006,MAX20-1156,Подготовить каталог банковских продуктов для МСБ,R101,Лев Сафонов,In Progress,high,2026-09-04,,8,6,False,
T1287,P006,MAX20-1157,Протестировать шину интеграций для корпоративного блока,R102,Милана Тихонова,To Do,medium,2026-09-05,,8,7,False,
T1288,P006,MAX20-1158,Интегрировать observability платформы для рисков,R103,Петр Устинов,To Do,low,2026-09-06,,8,8,False,
T1289,P006,MAX20-1159,Документировать контур disaster recovery для платежей,R104,Яна Филатова,In Progress,medium,2026-09-07,,8,9,False,
T1290,P006,MAX20-1160,Разработать контур идентификации клиента для контакт-центра,R105,Артем Аверин,To Do,high,2026-09-08,,10,10,False,
T1291,P006,MAX20-1161,Настроить платежный orchestration layer для операционного офиса,R106,Валерия Басова,To Do,medium,2026-09-09,,12,11,False,
T1292,P006,MAX20-1162,Проверить единый профиль клиента для розницы,R107,Глеб Воронцов,In Progress,low,2026-09-10,,14,12,False,
T1293,P006,MAX20-1163,Согласовать витрину клиентских событий для МСБ,R108,Диана Галкин,To Do,medium,2026-09-11,,16,13,False,
T1294,P006,MAX20-1164,Подготовить онлайн-антифрод для корпоративного блока,R109,Егор Демина,To Do,high,2026-09-12,,18,14,False,
T1295,P006,MAX20-1165,Протестировать кредитный decisioning для рисков,R110,Инна Еремин,In Progress,medium,2026-09-13,,20,15,False,
T1296,P006,MAX20-1166,Интегрировать корпоративный API gateway для платежей,R111,Лев Жукова,To Do,low,2026-09-14,,22,16,False,
T1297,P006,MAX20-1167,Документировать модуль лимитов и тарифов для контакт-центра,R112,Милана Зорин,To Do,medium,2026-09-15,,24,17,False,
T1298,P006,MAX20-1168,Разработать операционный мониторинг для операционного офиса,R113,Петр Исаев,In Progress,high,2026-09-16,,26,18,False,
T1299,P006,MAX20-1169,Настроить сервис уведомлений для розницы,R114,Яна Климова,To Do,medium,2026-09-17,,28,19,False,
T1300,P006,MAX20-1170,Проверить data quality pipeline для МСБ,R025,Артем Аверин,To Do,low,2026-09-18,,30,20,False,
T1301,P006,MAX20-1171,Согласовать миграцию legacy-процессов для корпоративного блока,R026,Валерия Басова,In Progress,medium,2026-09-19,,32,21,False,
T1302,P006,MAX20-1172,Подготовить контур аудита действий для рисков,R027,Глеб Воронцов,To Do,high,2026-09-20,,34,22,False,
T1303,P006,MAX20-1173,Протестировать ролевую модель доступа для платежей,R028,Диана Галкин,To Do,medium,2026-09-21,,36,23,False,
T1304,P006,MAX20-1174,Интегрировать AI-помощника оператора для контакт-центра,R029,Егор Демина,In Progress,low,2026-09-22,,38,24,False,
T1305,P006,MAX20-1175,Документировать модуль согласований для операционного офиса,R030,Инна Еремин,To Do,medium,2026-09-23,,40,25,False,
T1306,P006,MAX20-1176,Разработать каталог банковских продуктов для розницы,R031,Лев Жукова,To Do,high,2026-09-24,,42,26,False,
T1307,P006,MAX20-1177,Настроить шину интеграций для МСБ,R032,Милана Зорин,In Progress,medium,2026-09-25,,44,27,False,
T1308,P006,MAX20-1178,Проверить observability платформы для корпоративного блока,R033,Петр Исаев,To Do,low,2026-09-26,,46,28,False,
T1309,P006,MAX20-1179,Согласовать контур disaster recovery для рисков,R034,Яна Климова,To Do,medium,2026-09-27,,48,29,False,
T1310,P006,MAX20-1180,Подготовить контур идентификации клиента для платежей,R035,Артем Ларионов,In Progress,high,2026-09-28,,50,30,False,
T1311,P006,MAX20-1181,Протестировать платежный orchestration layer для контакт-центра,R036,Валерия Медведева,To Do,medium,2026-09-29,,52,31,False,
T1312,P006,MAX20-1182,Интегрировать единый профиль клиента для операционного офиса,R037,Глеб Назаров,To Do,low,2026-09-30,,54,32,False,
T1313,P006,MAX20-1183,Документировать витрину клиентских событий для розницы,R038,Диана Орлова,In Progress,medium,2026-10-01,,56,33,False,
T1314,P006,MAX20-1184,Разработать онлайн-антифрод для МСБ,R039,Егор Петров,To Do,high,2026-10-02,,58,34,False,
T1315,P006,MAX20-1185,Настроить кредитный decisioning для корпоративного блока,R040,Инна Рябова,To Do,medium,2026-10-03,,60,35,False,
T1316,P006,MAX20-1186,Проверить корпоративный API gateway для рисков,R041,Лев Сафонов,In Progress,low,2026-10-04,,62,36,False,
T1317,P006,MAX20-1187,Согласовать модуль лимитов и тарифов для платежей,R042,Милана Тихонова,To Do,medium,2026-10-05,,64,37,False,
T1318,P006,MAX20-1188,Подготовить операционный мониторинг для контакт-центра,R043,Петр Устинов,To Do,high,2026-10-06,,66,38,False,
T1319,P006,MAX20-1189,Протестировать сервис уведомлений для операционного офиса,R044,Яна Филатова,In Progress,medium,2026-10-07,,27,39,False,
T1320,P006,MAX20-1190,Интегрировать data quality pipeline для розницы,R045,Артем Аверин,To Do,low,2026-10-08,,29,40,False,
T1321,P006,MAX20-1191,Документировать миграцию legacy-процессов для МСБ,R046,Валерия Басова,To Do,medium,2026-10-09,,31,41,False,
T1322,P006,MAX20-1192,Разработать контур аудита действий для корпоративного блока,R047,Глеб Воронцов,In Progress,high,2026-10-10,,33,42,False,
T1323,P006,MAX20-1193,Настроить ролевую модель доступа для рисков,R048,Диана Галкин,To Do,medium,2026-10-11,,35,43,False,
T1324,P006,MAX20-1194,Проверить AI-помощника оператора для платежей,R049,Егор Демина,To Do,low,2026-10-12,,37,44,False,
T1325,P006,MAX20-1195,Согласовать модуль согласований для контакт-центра,R050,Инна Еремин,In Progress,medium,2026-10-13,,39,45,False,
T1326,P006,MAX20-1196,Подготовить каталог банковских продуктов для операционного офиса,R051,Лев Жукова,To Do,high,2026-10-14,,41,46,False,
T1327,P006,MAX20-1197,Протестировать шину интеграций для розницы,R052,Милана Зорин,To Do,medium,2026-10-15,,43,47,False,
T1328,P006,MAX20-1198,Интегрировать observability платформы для МСБ,R053,Петр Исаев,In Progress,low,2026-10-16,,45,48,False,
T1329,P006,MAX20-1199,Документировать контур disaster recovery для корпоративного блока,R054,Яна Климова,To Do,medium,2026-10-17,,47,49,False,
T1330,P006,MAX20-1200,Разработать контур идентификации клиента для рисков,R055,Артем Ларионов,To Do,high,2026-10-18,,8,0,False,
